requirement_id,business_capability,object_or_data,g7_app_or_api,endpoint_and_maturity,read_or_write,truth_owner,sandbox_evidence,reuse_mode,identified_gap,local_storage_needed,decision,approver
"FR-001","今日工作流","work/task read model; contract: 系统必须将未接手异常、临近时限任务、在途变化和到期事项组成统一工作流，支持按角色、组织、优先级、状态过滤；每条记录显示对象、原因、发生时间、新鲜度、责任和下一动作。","G7 facts composed with product work","target work/task scope absent; compose active asset/driver/telemetry scopes","READ","PRODUCT_DERIVED_FROM_G7_FACTS","WORKBENCH_INVENTORY_ONLY: asset, driver, assignment, telemetry, site, tag and attribute scopes are active and SANDBOX-supported; no G7 work/task scope was found. Target application ZHLDEMO is owner-confirmed. Its old credentials remain active for other systems and are prohibited for this project. Credentialless development may use only sanitized inventory, hashed public contracts and synthetic fixtures; signed request/response tests remain blocked pending a coordinated rotation and Harness Secret binding. Evidence: evidence/g7-public-api-catalog.json;evidence/g7-workbench-sandbox-inventory.json;evidence/g7-target-application-confirmation.json;evidence/g7-credential-dependency-decision.json.","LOCAL_READ_PROJECTION","G7-GAP-001;G7-GAP-002","PROPOSED projection with source ID/version/freshness/replay only","BLOCKED_PENDING_CONTRACT_AND_APPROVAL","UNASSIGNED: Product + G7 integration + data owner"
"FR-002","全局命令面板","work/task read model; contract: 用户必须能通过 Ctrl/Cmd + K 搜索车牌、司机、任务、地点和动作；结果按“对象、工作、命令”分组，权限不足的对象不得泄露摘要。","G7 facts composed with product work","target work/task scope absent; compose active asset/driver/telemetry scopes","READ","PRODUCT_DERIVED_FROM_G7_FACTS","WORKBENCH_INVENTORY_ONLY: asset, driver, assignment, telemetry, site, tag and attribute scopes are active and SANDBOX-supported; no G7 work/task scope was found. Target application ZHLDEMO is owner-confirmed. Its old credentials remain active for other systems and are prohibited for this project. Credentialless development may use only sanitized inventory, hashed public contracts and synthetic fixtures; signed request/response tests remain blocked pending a coordinated rotation and Harness Secret binding. Evidence: evidence/g7-public-api-catalog.json;evidence/g7-workbench-sandbox-inventory.json;evidence/g7-target-application-confirmation.json;evidence/g7-credential-dependency-decision.json.","LOCAL_READ_PROJECTION","G7-GAP-001;G7-GAP-002","PROPOSED projection with source ID/version/freshness/replay only","BLOCKED_PENDING_CONTRACT_AND_APPROVAL","UNASSIGNED: Product + G7 integration + data owner"
"FR-003","持续上下文","work/task read model; contract: 用户选择任一记录后，右侧上下文抽屉必须保留对象身份、关键事实、关联工作和可执行动作；用户切换工作空间或返回列表时，选择状态可通过 URL 恢复。","G7 facts composed with product work","target work/task scope absent; compose active asset/driver/telemetry scopes","READ","PRODUCT_DERIVED_FROM_G7_FACTS","WORKBENCH_INVENTORY_ONLY: asset, driver, assignment, telemetry, site, tag and attribute scopes are active and SANDBOX-supported; no G7 work/task scope was found. Target application ZHLDEMO is owner-confirmed. Its old credentials remain active for other systems and are prohibited for this project. Credentialless development may use only sanitized inventory, hashed public contracts and synthetic fixtures; signed request/response tests remain blocked pending a coordinated rotation and Harness Secret binding. Evidence: evidence/g7-public-api-catalog.json;evidence/g7-workbench-sandbox-inventory.json;evidence/g7-target-application-confirmation.json;evidence/g7-credential-dependency-decision.json.","LOCAL_READ_PROJECTION","G7-GAP-001;G7-GAP-002","PROPOSED projection with source ID/version/freshness/replay only","BLOCKED_PENDING_CONTRACT_AND_APPROVAL","UNASSIGNED: Product + G7 integration + data owner"
"FR-004","对象目录","vehicle/driver/site/address master data; contract: 系统必须提供车辆、司机、场站/地址的统一检索与详情，支持组织、标签、属性、外部 ID、状态和权限范围；车辆至少展示车牌、VIN、车型、载重/尺寸、能源类型和归属组织。","Assets, Vehicles, Drivers, Sites, Addresses, Tags, Attributes","POST /assets/_search; /vehicles/_search; /drivers/_search; /sites/_search; target scopes ACTIVE and SANDBOX-supported; release maturity unverified","READ","G7","WORKBENCH_INVENTORY_ONLY: relevant master-data and assignment read/write scopes are active and their SANDBOX REST endpoints are supported. Target application ZHLDEMO is owner-confirmed. Its old credentials remain active for other systems and are prohibited for this project. Credentialless development may use only sanitized inventory, hashed public contracts and synthetic fixtures; signed request/response tests remain blocked pending a coordinated rotation and Harness Secret binding. Evidence: evidence/g7-public-api-catalog.json;evidence/g7-workbench-sandbox-inventory.json;evidence/g7-target-application-confirmation.json;evidence/g7-credential-dependency-decision.json.","DIRECT_REUSE","NONE_PROVISIONAL","No local master; optional approved read projection only","BLOCKED_PENDING_CONTRACT_AND_APPROVAL","UNASSIGNED: Product + G7 integration + data owner"
"FR-005","人车关系","driver-vehicle assignment; contract: 系统必须展示当前及历史人车绑定，支持创建、变更和解绑；创建前必须校验同一司机时间重叠、同车同身份时间重叠及结束时间晚于开始时间。","Driver Vehicle Assignments","POST/PATCH /drivers/vehicle_assignments; search/snapshot endpoints; target scopes ACTIVE and SANDBOX-supported; release maturity unverified","READ_WRITE","G7","WORKBENCH_INVENTORY_ONLY: relevant master-data and assignment read/write scopes are active and their SANDBOX REST endpoints are supported. Target application ZHLDEMO is owner-confirmed. Its old credentials remain active for other systems and are prohibited for this project. Credentialless development may use only sanitized inventory, hashed public contracts and synthetic fixtures; signed request/response tests remain blocked pending a coordinated rotation and Harness Secret binding. Evidence: evidence/g7-public-api-catalog.json;evidence/g7-workbench-sandbox-inventory.json;evidence/g7-target-application-confirmation.json;evidence/g7-credential-dependency-decision.json.","DIRECT_REUSE","NONE_PROVISIONAL","Mapping/idempotency/audit only; no duplicate master","BLOCKED_PENDING_CONTRACT_AND_APPROVAL","UNASSIGNED: Product + G7 integration + data owner"
"FR-006","事实视图","vehicle facts and freshness; contract: 系统必须展示车辆位置/速度、车况和安全事件的快照、增量与历史；每项数据标明来源、发生时间、接收时间和新鲜度，历史查询遵守 G7 的范围与分页限制。","Vehicle stats, asset location/speed, events","vehicle/location scopes ACTIVE and SANDBOX-supported; safety REST ACTIVE in production but unsupported in SANDBOX","READ","G7","WORKBENCH_INVENTORY_ONLY: telemetry REST scopes are active and SANDBOX-supported; safety REST endpoints are not supported in SANDBOX, while a safety-event message scope is available. Target application ZHLDEMO is owner-confirmed. Its old credentials remain active for other systems and are prohibited for this project. Credentialless development may use only sanitized inventory, hashed public contracts and synthetic fixtures; signed request/response tests remain blocked pending a coordinated rotation and Harness Secret binding. Evidence: evidence/g7-public-api-catalog.json;evidence/g7-workbench-sandbox-inventory.json;evidence/g7-target-application-confirmation.json;evidence/g7-credential-dependency-decision.json.","DIRECT_REUSE","NONE_PROVISIONAL","Optional bounded replayable read projection","BLOCKED_PENDING_CONTRACT_AND_APPROVAL","UNASSIGNED: Product + G7 integration + data owner"
"FR-007","派车工作","dispatch and in-transit orchestration; contract: 调度员必须能创建包含业务单号、线路/场站、计划时间、车辆、司机、责任人和备注的派车任务，并维护草稿、待确认、已派、在途、完成、取消状态。","assignments, sites, location, geofence, events, trip segments","assignment/site/location/geofence/trip scopes ACTIVE and SANDBOX-supported; /trips/_search remains DEVELOPING and feature-flag only","READ_WRITE","G7_FACTS_PRODUCT_WORKFLOW","WORKBENCH_INVENTORY_ONLY: assignment, site, address, geofence, telemetry and trip scopes are active and SANDBOX-supported; no order/dispatch workflow scope was found. Target application ZHLDEMO is owner-confirmed. Its old credentials remain active for other systems and are prohibited for this project. Credentialless development may use only sanitized inventory, hashed public contracts and synthetic fixtures; signed request/response tests remain blocked pending a coordinated rotation and Harness Secret binding. Evidence: evidence/g7-public-api-catalog.json;evidence/g7-workbench-sandbox-inventory.json;evidence/g7-target-application-confirmation.json;evidence/g7-credential-dependency-decision.json.","COMPOSED_REUSE","G7-GAP-003","PROPOSED minimal dispatch/work state plus G7 mappings","BLOCKED_PENDING_CONTRACT_AND_APPROVAL","UNASSIGNED: Product + G7 integration + data owner"
"FR-008","派车校验与同步","dispatch and in-transit orchestration; contract: 系统必须在确认前校验权限、车辆可用性、司机/车辆时间冲突和必填资格；确认后以幂等方式同步 G7 人车绑定，失败时保留本地“待同步”状态并允许重试或撤销。","assignments, sites, location, geofence, events, trip segments","assignment/site/location/geofence/trip scopes ACTIVE and SANDBOX-supported; /trips/_search remains DEVELOPING and feature-flag only","READ_WRITE","G7_FACTS_PRODUCT_WORKFLOW","WORKBENCH_INVENTORY_ONLY: assignment, site, address, geofence, telemetry and trip scopes are active and SANDBOX-supported; no order/dispatch workflow scope was found. Target application ZHLDEMO is owner-confirmed. Its old credentials remain active for other systems and are prohibited for this project. Credentialless development may use only sanitized inventory, hashed public contracts and synthetic fixtures; signed request/response tests remain blocked pending a coordinated rotation and Harness Secret binding. Evidence: evidence/g7-public-api-catalog.json;evidence/g7-workbench-sandbox-inventory.json;evidence/g7-target-application-confirmation.json;evidence/g7-credential-dependency-decision.json.","COMPOSED_REUSE","G7-GAP-003","PROPOSED minimal dispatch/work state plus G7 mappings","BLOCKED_PENDING_CONTRACT_AND_APPROVAL","UNASSIGNED: Product + G7 integration + data owner"
"FR-009","在途时间线","dispatch and in-transit orchestration; contract: 系统必须将计划节点、围栏进出、位置变化、事件、人工备注和任务动作合并为单一时间线；用户可从任一异常节点创建工作并关联责任人和时限。","assignments, sites, location, geofence, events, trip segments","assignment/site/location/geofence/trip scopes ACTIVE and SANDBOX-supported; /trips/_search remains DEVELOPING and feature-flag only","READ_WRITE","G7_FACTS_PRODUCT_WORKFLOW","WORKBENCH_INVENTORY_ONLY: assignment, site, address, geofence, telemetry and trip scopes are active and SANDBOX-supported; no order/dispatch workflow scope was found. Target application ZHLDEMO is owner-confirmed. Its old credentials remain active for other systems and are prohibited for this project. Credentialless development may use only sanitized inventory, hashed public contracts and synthetic fixtures; signed request/response tests remain blocked pending a coordinated rotation and Harness Secret binding. Evidence: evidence/g7-public-api-catalog.json;evidence/g7-workbench-sandbox-inventory.json;evidence/g7-target-application-confirmation.json;evidence/g7-credential-dependency-decision.json.","COMPOSED_REUSE","G7-GAP-003","PROPOSED minimal dispatch/work state plus G7 mappings","BLOCKED_PENDING_CONTRACT_AND_APPROVAL","UNASSIGNED: Product + G7 integration + data owner"
"FR-010","风险收件箱","safety event closure; contract: 系统必须增量消费 G7 事件 Feed，并依据事件类型、速度、媒体、资产、司机、标签和组织规则进行去重、聚合与分级；默认支持超速、急加速、急减速和疲劳驾驶类事件。","event feed/history, media and local intervention","event/media production scopes ACTIVE; 14 safety and 7 media REST endpoints unsupported in SANDBOX; related message scopes available","READ","G7_FACTS_PRODUCT_WORKFLOW","WORKBENCH_INVENTORY_ONLY: safety/event REST scopes are active in production but 14 endpoints are unsupported in SANDBOX; media REST contributes 7 more unsupported endpoints. Related safety/media message scopes are available. Target application ZHLDEMO is owner-confirmed. Its old credentials remain active for other systems and are prohibited for this project. Credentialless development may use only sanitized inventory, hashed public contracts and synthetic fixtures; signed request/response tests remain blocked pending a coordinated rotation and Harness Secret binding. Evidence: evidence/g7-public-api-catalog.json;evidence/g7-workbench-sandbox-inventory.json;evidence/g7-target-application-confirmation.json;evidence/g7-credential-dependency-decision.json.","COMPOSED_REUSE","G7-GAP-001","PROPOSED intervention/audit extension keyed by G7 event ID","BLOCKED_PENDING_CONTRACT_AND_APPROVAL","UNASSIGNED: Product + G7 integration + data owner"
"FR-011","处置任务","safety event closure; contract: 安全员必须能接手、分派、记录联系/培训/停运等干预、设置复核时间并关闭事件；关闭必须有结果分类和说明，高风险关闭需复核角色确认。","event feed/history, media and local intervention","event/media production scopes ACTIVE; 14 safety and 7 media REST endpoints unsupported in SANDBOX; related message scopes available","READ","G7_FACTS_PRODUCT_WORKFLOW","WORKBENCH_INVENTORY_ONLY: safety/event REST scopes are active in production but 14 endpoints are unsupported in SANDBOX; media REST contributes 7 more unsupported endpoints. Related safety/media message scopes are available. Target application ZHLDEMO is owner-confirmed. Its old credentials remain active for other systems and are prohibited for this project. Credentialless development may use only sanitized inventory, hashed public contracts and synthetic fixtures; signed request/response tests remain blocked pending a coordinated rotation and Harness Secret binding. Evidence: evidence/g7-public-api-catalog.json;evidence/g7-workbench-sandbox-inventory.json;evidence/g7-target-application-confirmation.json;evidence/g7-credential-dependency-decision.json.","COMPOSED_REUSE","G7-GAP-001","PROPOSED intervention/audit extension keyed by G7 event ID","BLOCKED_PENDING_CONTRACT_AND_APPROVAL","UNASSIGNED: Product + G7 integration + data owner"
"FR-012","证据查看","safety event closure; contract: 在权限允许时，系统必须展示事件关联图片、视频状态、回放日历或外链；媒体不可用、处理中或过期时显示明确状态，不将缺失媒体解释为无风险。","event feed/history, media and local intervention","event/media production scopes ACTIVE; 14 safety and 7 media REST endpoints unsupported in SANDBOX; related message scopes available","READ","G7_FACTS_PRODUCT_WORKFLOW","WORKBENCH_INVENTORY_ONLY: safety/event REST scopes are active in production but 14 endpoints are unsupported in SANDBOX; media REST contributes 7 more unsupported endpoints. Related safety/media message scopes are available. Target application ZHLDEMO is owner-confirmed. Its old credentials remain active for other systems and are prohibited for this project. Credentialless development may use only sanitized inventory, hashed public contracts and synthetic fixtures; signed request/response tests remain blocked pending a coordinated rotation and Harness Secret binding. Evidence: evidence/g7-public-api-catalog.json;evidence/g7-workbench-sandbox-inventory.json;evidence/g7-target-application-confirmation.json;evidence/g7-credential-dependency-decision.json.","DIRECT_REUSE","G7-GAP-001","PROPOSED intervention/audit extension keyed by G7 event ID","BLOCKED_PENDING_CONTRACT_AND_APPROVAL","UNASSIGNED: Product + G7 integration + data owner"
"FR-013","一车一档","vehicle dossier and maintenance; contract: 系统必须为每辆车汇总主数据、绑定历史、证照/资质、维护、事件、任务和审计记录；证照支持签发日、到期日、附件、标签、归档和恢复。","assets, assignments, qualifications, events, media, maintenance work","asset/assignment/qualification/storage scopes SANDBOX-supported; safety/media REST unsupported; no maintenance lifecycle scope found","READ_WRITE","G7_FACTS_PRODUCT_WORKFLOW","WORKBENCH_INVENTORY_ONLY: asset, assignment, qualification, storage and telemetry REST scopes are SANDBOX-supported; safety/media REST is unsupported and no maintenance lifecycle scope was found. Target application ZHLDEMO is owner-confirmed. Its old credentials remain active for other systems and are prohibited for this project. Credentialless development may use only sanitized inventory, hashed public contracts and synthetic fixtures; signed request/response tests remain blocked pending a coordinated rotation and Harness Secret binding. Evidence: evidence/g7-public-api-catalog.json;evidence/g7-workbench-sandbox-inventory.json;evidence/g7-target-application-confirmation.json;evidence/g7-credential-dependency-decision.json.","COMPOSED_REUSE","G7-GAP-009","PROPOSED minimal work extension only after workbench/SANDBOX proof","BLOCKED_PENDING_CONTRACT_AND_APPROVAL","UNASSIGNED: Product + G7 integration + data owner"
"FR-014","到期与维护工作","vehicle dossier and maintenance; contract: 系统必须按可配置提前期产生证照到期、年检、保养和维修工作；任务包含车辆、规则来源、责任人、计划时间、结果和附件，完成后保留历史版本。","assets, assignments, qualifications, events, media, maintenance work","asset/assignment/qualification/storage scopes SANDBOX-supported; safety/media REST unsupported; no maintenance lifecycle scope found","READ_WRITE","G7_FACTS_PRODUCT_WORKFLOW","WORKBENCH_INVENTORY_ONLY: asset, assignment, qualification, storage and telemetry REST scopes are SANDBOX-supported; safety/media REST is unsupported and no maintenance lifecycle scope was found. Target application ZHLDEMO is owner-confirmed. Its old credentials remain active for other systems and are prohibited for this project. Credentialless development may use only sanitized inventory, hashed public contracts and synthetic fixtures; signed request/response tests remain blocked pending a coordinated rotation and Harness Secret binding. Evidence: evidence/g7-public-api-catalog.json;evidence/g7-workbench-sandbox-inventory.json;evidence/g7-target-application-confirmation.json;evidence/g7-credential-dependency-decision.json.","COMPOSED_REUSE","G7-GAP-009","PROPOSED minimal work extension only after workbench/SANDBOX proof","BLOCKED_PENDING_CONTRACT_AND_APPROVAL","UNASSIGNED: Product + G7 integration + data owner"
"FR-015","G7 适配与降级","G7 anti-corruption layer; contract: 系统必须通过服务端 G7 适配层处理签名、租户/用户头、游标、限额、重试、超时和错误映射；外部不可用时使用最后成功事实并显示降级，不得伪造同步成功。","all selected G7 contracts","required signing/tenant/user headers, optional request-id/trace headers, limit 1..512 and invalid/expired cursor errors documented; signed SANDBOX validation required","READ_WRITE","G7","WORKBENCH_AND_DOCS_INVENTORY_ONLY: required tenant/user/access-key/timestamp/signature headers, optional request-id/trace headers, limit 1..512 and expired-cursor errors are documented; no signed request was made. Target application ZHLDEMO is owner-confirmed. Its old credentials remain active for other systems and are prohibited for this project. Credentialless development may use only sanitized inventory, hashed public contracts and synthetic fixtures; signed request/response tests remain blocked pending a coordinated rotation and Harness Secret binding. Evidence: evidence/g7-public-api-catalog.json;evidence/g7-workbench-sandbox-inventory.json;evidence/g7-target-application-confirmation.json;evidence/g7-credential-dependency-decision.json.","COMPOSED_REUSE","NONE","Adapter state, idempotency and audit only","BLOCKED_PENDING_CONTRACT_AND_APPROVAL","UNASSIGNED: Product + G7 integration + data owner"
"FR-016","数据交换","data exchange; contract: 管理员必须能批量导入/导出车辆、司机及业务映射；外部 ID 必须在租户内唯一；导入支持预检、错误行下载和幂等重试，敏感导出需审批与审计。","vehicle/driver mappings and approved product data","vehicle/driver read/write scopes ACTIVE and SANDBOX-supported; exact write behavior unverified","READ_WRITE","G7_AND_PRODUCT_BY_FIELD","WORKBENCH_INVENTORY_ONLY: relevant master-data and assignment read/write scopes are active and their SANDBOX REST endpoints are supported. Target application ZHLDEMO is owner-confirmed. Its old credentials remain active for other systems and are prohibited for this project. Credentialless development may use only sanitized inventory, hashed public contracts and synthetic fixtures; signed request/response tests remain blocked pending a coordinated rotation and Harness Secret binding. Evidence: evidence/g7-public-api-catalog.json;evidence/g7-workbench-sandbox-inventory.json;evidence/g7-target-application-confirmation.json;evidence/g7-credential-dependency-decision.json.","COMPOSED_REUSE","G7-GAP-001","PROPOSED import job/error evidence; never duplicate G7 lifecycle","BLOCKED_PENDING_CONTRACT_AND_APPROVAL","UNASSIGNED: Product + G7 integration + data owner"
"FR-017","权限与审计","authorization and audit; contract: 系统必须支持租户、组织和标签数据范围，以及管理员、车队经理、调度员、安全员、车务人员、只读审计员角色；所有变更、导出、敏感查看和同步重试必须记录操作者、时间、对象、前后值、请求 ID 与来源应用。","TenantScope, role scope, audit evidence","No target-app identity/RBAC/TenantScope/audit lifecycle scope found","READ_WRITE","PRODUCT","WORKBENCH_INVENTORY_ONLY: no product TenantScope, role-policy or audit-lifecycle scope was found among 41 active scopes. Target application ZHLDEMO is owner-confirmed. Its old credentials remain active for other systems and are prohibited for this project. Credentialless development may use only sanitized inventory, hashed public contracts and synthetic fixtures; signed request/response tests remain blocked pending a coordinated rotation and Harness Secret binding. Evidence: evidence/g7-public-api-catalog.json;evidence/g7-workbench-sandbox-inventory.json;evidence/g7-target-application-confirmation.json;evidence/g7-credential-dependency-decision.json.","LOCAL_EXTENSION","G7-GAP-001","REQUIRED locally; approval and ADR pending","APPROVED_LOCAL_DESIGN_TEST_REVIEW_ONLY; EXECUTION_BLOCKED_PENDING_SIGNED_SANDBOX_AND_NAMED_ACTIVATION_REVIEW","周贺龙: LOCAL_DESIGN_TEST_REVIEW_2026-08-25; ACTIVATION_REVIEWER_UNASSIGNED"
"FR-018","Agent 工作线程","controlled Agent runtime; contract: 用户必须能从工作流、对象抽屉或命令面板创建带对象、时间窗口、角色作用域和目标的 AgentThread；线程包含可恢复的 Turn、运行状态、参与工具、审批请求和最终结果，并可通过 URL、对象档案和班次交接恢复。","AgentThread, evidence, context, tools, approvals, run events","No target-app Agent/governance scope found; G7 facts reachable only through registered product tools","READ_WRITE","PRODUCT","WORKBENCH_INVENTORY_ONLY: no Agent, tool-governance, approval, Playbook or knowledge-lifecycle scope was found; G7 facts remain available only through product tools. Target application ZHLDEMO is owner-confirmed. Its old credentials remain active for other systems and are prohibited for this project. Credentialless development may use only sanitized inventory, hashed public contracts and synthetic fixtures; signed request/response tests remain blocked pending a coordinated rotation and Harness Secret binding. Evidence: evidence/g7-public-api-catalog.json;evidence/g7-workbench-sandbox-inventory.json;evidence/g7-target-application-confirmation.json;evidence/g7-credential-dependency-decision.json.","LOCAL_GAP_IMPLEMENTATION","G7-GAP-004","REQUIRED candidate model; prohibited until approved ADR","APPROVED_LOCAL_DESIGN_TEST_REVIEW_ONLY; EXECUTION_BLOCKED_PENDING_SIGNED_SANDBOX_AND_NAMED_ACTIVATION_REVIEW","周贺龙: LOCAL_DESIGN_TEST_REVIEW_2026-08-25; ACTIVATION_REVIEWER_UNASSIGNED"
"FR-019","证据计划与账本","controlled Agent runtime; contract: Agent 在形成建议前必须生成可见的证据计划，说明将读取哪些 G7/本地数据以及完成条件；每个事实必须记录来源、happened_at、received_at、请求 ID、权限范围和新鲜度，事实、推断、冲突和未知分栏展示。","AgentThread, evidence, context, tools, approvals, run events","No target-app Agent/governance scope found; G7 facts reachable only through registered product tools","READ_WRITE","PRODUCT","WORKBENCH_INVENTORY_ONLY: no Agent, tool-governance, approval, Playbook or knowledge-lifecycle scope was found; G7 facts remain available only through product tools. Target application ZHLDEMO is owner-confirmed. Its old credentials remain active for other systems and are prohibited for this project. Credentialless development may use only sanitized inventory, hashed public contracts and synthetic fixtures; signed request/response tests remain blocked pending a coordinated rotation and Harness Secret binding. Evidence: evidence/g7-public-api-catalog.json;evidence/g7-workbench-sandbox-inventory.json;evidence/g7-target-application-confirmation.json;evidence/g7-credential-dependency-decision.json.","LOCAL_GAP_IMPLEMENTATION","G7-GAP-004","REQUIRED candidate model; prohibited until approved ADR","APPROVED_LOCAL_DESIGN_TEST_REVIEW_ONLY; EXECUTION_BLOCKED_PENDING_SIGNED_SANDBOX_AND_NAMED_ACTIVATION_REVIEW","周贺龙: LOCAL_DESIGN_TEST_REVIEW_2026-08-25; ACTIVATION_REVIEWER_UNASSIGNED"
"FR-020","Context Pack 与策略","controlled Agent runtime; contract: 运行必须按租户、组织和对象作用域加载版本化的租户政策、车队 SOP、路线/时窗约束、司机安全规则、客户 SLA 和监管规则；策略冲突、过期或缺失时必须暂停建议并要求人工确认。","AgentThread, evidence, context, tools, approvals, run events","No target-app Agent/governance scope found; G7 facts reachable only through registered product tools","READ_WRITE","PRODUCT","WORKBENCH_INVENTORY_ONLY: no Agent, tool-governance, approval, Playbook or knowledge-lifecycle scope was found; G7 facts remain available only through product tools. Target application ZHLDEMO is owner-confirmed. Its old credentials remain active for other systems and are prohibited for this project. Credentialless development may use only sanitized inventory, hashed public contracts and synthetic fixtures; signed request/response tests remain blocked pending a coordinated rotation and Harness Secret binding. Evidence: evidence/g7-public-api-catalog.json;evidence/g7-workbench-sandbox-inventory.json;evidence/g7-target-application-confirmation.json;evidence/g7-credential-dependency-decision.json.","LOCAL_GAP_IMPLEMENTATION","G7-GAP-004","REQUIRED candidate model; prohibited until approved ADR","APPROVED_LOCAL_DESIGN_TEST_REVIEW_ONLY; EXECUTION_BLOCKED_PENDING_SIGNED_SANDBOX_AND_NAMED_ACTIVATION_REVIEW","周贺龙: LOCAL_DESIGN_TEST_REVIEW_2026-08-25; ACTIVATION_REVIEWER_UNASSIGNED"
"FR-021","工具注册与分层","controlled Agent runtime; contract: Agent 只能调用注册工具；工具至少分为只读事实、可撤销草稿、外部写入和敏感操作四类，声明输入 schema、数据范围、风险等级、幂等键、超时、可撤销性和审计字段。Agent 不得直接调用 G7 或持有 G7 凭据。","AgentThread, evidence, context, tools, approvals, run events","No target-app Agent/governance scope found; G7 facts reachable only through registered product tools","READ_WRITE","PRODUCT","WORKBENCH_INVENTORY_ONLY: no Agent, tool-governance, approval, Playbook or knowledge-lifecycle scope was found; G7 facts remain available only through product tools. Target application ZHLDEMO is owner-confirmed. Its old credentials remain active for other systems and are prohibited for this project. Credentialless development may use only sanitized inventory, hashed public contracts and synthetic fixtures; signed request/response tests remain blocked pending a coordinated rotation and Harness Secret binding. Evidence: evidence/g7-public-api-catalog.json;evidence/g7-workbench-sandbox-inventory.json;evidence/g7-target-application-confirmation.json;evidence/g7-credential-dependency-decision.json.","LOCAL_GAP_IMPLEMENTATION","G7-GAP-004","REQUIRED candidate model; prohibited until approved ADR","APPROVED_LOCAL_DESIGN_TEST_REVIEW_ONLY; EXECUTION_BLOCKED_PENDING_SIGNED_SANDBOX_AND_NAMED_ACTIVATION_REVIEW","周贺龙: LOCAL_DESIGN_TEST_REVIEW_2026-08-25; ACTIVATION_REVIEWER_UNASSIGNED"
"FR-022","计划、进度与失败恢复","controlled Agent runtime; contract: UI 必须显示 Agent 当前阶段（意图、作用域、证据、方案、审批、执行、回读、完成/失败）、工具状态、耗时、来源和下一步；工具超时、限流、权限不足和证据矛盾必须可重试、改范围、人工接管或恢复线程。","AgentThread, evidence, context, tools, approvals, run events","No target-app Agent/governance scope found; G7 facts reachable only through registered product tools","READ_WRITE","PRODUCT","WORKBENCH_INVENTORY_ONLY: no Agent, tool-governance, approval, Playbook or knowledge-lifecycle scope was found; G7 facts remain available only through product tools. Target application ZHLDEMO is owner-confirmed. Its old credentials remain active for other systems and are prohibited for this project. Credentialless development may use only sanitized inventory, hashed public contracts and synthetic fixtures; signed request/response tests remain blocked pending a coordinated rotation and Harness Secret binding. Evidence: evidence/g7-public-api-catalog.json;evidence/g7-workbench-sandbox-inventory.json;evidence/g7-target-application-confirmation.json;evidence/g7-credential-dependency-decision.json.","LOCAL_GAP_IMPLEMENTATION","G7-GAP-004","REQUIRED candidate model; prohibited until approved ADR","APPROVED_LOCAL_DESIGN_TEST_REVIEW_ONLY; EXECUTION_BLOCKED_PENDING_SIGNED_SANDBOX_AND_NAMED_ACTIVATION_REVIEW","周贺龙: LOCAL_DESIGN_TEST_REVIEW_2026-08-25; ACTIVATION_REVIEWER_UNASSIGNED"
"FR-023","风险分级审批","controlled Agent runtime; contract: R0 只读可自动执行，R1 本地可撤销草稿需用户确认，R2 外部副作用必须逐项批准，R3 停运/资格冻结/敏感导出/批量变更必须双人复核；审批卡必须显示目标、证据摘要、影响、可撤销性和失败回滚。","AgentThread, evidence, context, tools, approvals, run events","No target-app Agent/governance scope found; G7 facts reachable only through registered product tools","READ_WRITE","PRODUCT","WORKBENCH_INVENTORY_ONLY: no Agent, tool-governance, approval, Playbook or knowledge-lifecycle scope was found; G7 facts remain available only through product tools. Target application ZHLDEMO is owner-confirmed. Its old credentials remain active for other systems and are prohibited for this project. Credentialless development may use only sanitized inventory, hashed public contracts and synthetic fixtures; signed request/response tests remain blocked pending a coordinated rotation and Harness Secret binding. Evidence: evidence/g7-public-api-catalog.json;evidence/g7-workbench-sandbox-inventory.json;evidence/g7-target-application-confirmation.json;evidence/g7-credential-dependency-decision.json.","LOCAL_GAP_IMPLEMENTATION","G7-GAP-004","REQUIRED candidate model; prohibited until approved ADR","APPROVED_LOCAL_DESIGN_TEST_REVIEW_ONLY; EXECUTION_BLOCKED_PENDING_SIGNED_SANDBOX_AND_NAMED_ACTIVATION_REVIEW","周贺龙: LOCAL_DESIGN_TEST_REVIEW_2026-08-25; ACTIVATION_REVIEWER_UNASSIGNED"
"FR-024","并行专家与合并","controlled Agent runtime; contract: 对于晚到、偏航和高风险事件，编排器可并行运行证据分析、ETA/方案、风险合规和动作草拟专家；专家只返回结构化结论和证据引用，主线程必须合并冲突、标记未知并显示各专家活动与消耗。","AgentThread, evidence, context, tools, approvals, run events","No target-app Agent/governance scope found; G7 facts reachable only through registered product tools","READ_WRITE","PRODUCT","WORKBENCH_INVENTORY_ONLY: no Agent, tool-governance, approval, Playbook or knowledge-lifecycle scope was found; G7 facts remain available only through product tools. Target application ZHLDEMO is owner-confirmed. Its old credentials remain active for other systems and are prohibited for this project. Credentialless development may use only sanitized inventory, hashed public contracts and synthetic fixtures; signed request/response tests remain blocked pending a coordinated rotation and Harness Secret binding. Evidence: evidence/g7-public-api-catalog.json;evidence/g7-workbench-sandbox-inventory.json;evidence/g7-target-application-confirmation.json;evidence/g7-credential-dependency-decision.json.","LOCAL_GAP_IMPLEMENTATION","G7-GAP-004","REQUIRED candidate model; prohibited until approved ADR","APPROVED_LOCAL_DESIGN_TEST_REVIEW_ONLY; EXECUTION_BLOCKED_PENDING_SIGNED_SANDBOX_AND_NAMED_ACTIVATION_REVIEW","周贺龙: LOCAL_DESIGN_TEST_REVIEW_2026-08-25; ACTIVATION_REVIEWER_UNASSIGNED"
"FR-025","写后验证与刷新","controlled Agent runtime; contract: 所有 R2/R3 工具执行后必须重新读取本地业务记录和 G7 事实，区分“已生效、待同步、执行失败、回读延迟”；验证完成前不显示“已完成”，并刷新今日工作流、对象抽屉和审计时间线。","AgentThread, evidence, context, tools, approvals, run events","No target-app Agent/governance scope found; G7 facts reachable only through registered product tools","READ_WRITE","PRODUCT","WORKBENCH_INVENTORY_ONLY: no Agent, tool-governance, approval, Playbook or knowledge-lifecycle scope was found; G7 facts remain available only through product tools. Target application ZHLDEMO is owner-confirmed. Its old credentials remain active for other systems and are prohibited for this project. Credentialless development may use only sanitized inventory, hashed public contracts and synthetic fixtures; signed request/response tests remain blocked pending a coordinated rotation and Harness Secret binding. Evidence: evidence/g7-public-api-catalog.json;evidence/g7-workbench-sandbox-inventory.json;evidence/g7-target-application-confirmation.json;evidence/g7-credential-dependency-decision.json.","LOCAL_GAP_IMPLEMENTATION","G7-GAP-004","REQUIRED candidate model; prohibited until approved ADR","APPROVED_LOCAL_DESIGN_TEST_REVIEW_ONLY; EXECUTION_BLOCKED_PENDING_SIGNED_SANDBOX_AND_NAMED_ACTIVATION_REVIEW","周贺龙: LOCAL_DESIGN_TEST_REVIEW_2026-08-25; ACTIVATION_REVIEWER_UNASSIGNED"
"FR-026","运行评估与交接","controlled Agent runtime; contract: 管理员必须能按黄金案例回放 Agent 运行，查看证据覆盖率、工具调用、审批和结果；用户可生成班次交接摘要，保留未解决问题、下一步、责任人和上下文压缩后的关键事实。","AgentThread, evidence, context, tools, approvals, run events","No target-app Agent/governance scope found; G7 facts reachable only through registered product tools","READ_WRITE","PRODUCT","WORKBENCH_INVENTORY_ONLY: no Agent, tool-governance, approval, Playbook or knowledge-lifecycle scope was found; G7 facts remain available only through product tools. Target application ZHLDEMO is owner-confirmed. Its old credentials remain active for other systems and are prohibited for this project. Credentialless development may use only sanitized inventory, hashed public contracts and synthetic fixtures; signed request/response tests remain blocked pending a coordinated rotation and Harness Secret binding. Evidence: evidence/g7-public-api-catalog.json;evidence/g7-workbench-sandbox-inventory.json;evidence/g7-target-application-confirmation.json;evidence/g7-credential-dependency-decision.json.","LOCAL_GAP_IMPLEMENTATION","G7-GAP-004","REQUIRED candidate model; prohibited until approved ADR","APPROVED_LOCAL_DESIGN_TEST_REVIEW_ONLY; EXECUTION_BLOCKED_PENDING_SIGNED_SANDBOX_AND_NAMED_ACTIVATION_REVIEW","周贺龙: LOCAL_DESIGN_TEST_REVIEW_2026-08-25; ACTIVATION_REVIEWER_UNASSIGNED"
"FR-027","订单接入与完整性","order fulfilment and capacity planning; contract: 系统必须支持 API、表格和文档录入订单，抽取客户、货物、提送点、时窗、服务级别和计费字段；缺字段、冲突字段和重复订单进入可处理队列，原始文件与抽取结果可追溯。","orders, segments, stops, commitments, dispatch plans and G7 facts","asset/assignment/site/location/geofence/trip scopes ACTIVE and SANDBOX-supported; no order/dispatch lifecycle scope; /trips/_search DEVELOPING only","READ_WRITE","PRODUCT_WORKFLOW_G7_FACTS","WORKBENCH_INVENTORY_ONLY: assignment, site, address, geofence, telemetry and trip scopes are active and SANDBOX-supported; no order/dispatch workflow scope was found. Target application ZHLDEMO is owner-confirmed. Its old credentials remain active for other systems and are prohibited for this project. Credentialless development may use only sanitized inventory, hashed public contracts and synthetic fixtures; signed request/response tests remain blocked pending a coordinated rotation and Harness Secret binding. Evidence: evidence/g7-public-api-catalog.json;evidence/g7-workbench-sandbox-inventory.json;evidence/g7-target-application-confirmation.json;evidence/g7-credential-dependency-decision.json.","COMPOSED_REUSE","G7-GAP-003","PROPOSED minimal order/plan workflow; approval pending","BLOCKED_PENDING_CONTRACT_AND_APPROVAL","UNASSIGNED: Product + G7 integration + data owner"
"FR-028","履约计划与停靠点","order fulfilment and capacity planning; contract: 系统必须将订单拆分为运输段、停靠点和履约承诺，支持合单、拆单、时窗、容量、装卸时长和路线约束，并生成可比较的计划草稿。","orders, segments, stops, commitments, dispatch plans and G7 facts","asset/assignment/site/location/geofence/trip scopes ACTIVE and SANDBOX-supported; no order/dispatch lifecycle scope; /trips/_search DEVELOPING only","READ_WRITE","PRODUCT_WORKFLOW_G7_FACTS","WORKBENCH_INVENTORY_ONLY: assignment, site, address, geofence, telemetry and trip scopes are active and SANDBOX-supported; no order/dispatch workflow scope was found. Target application ZHLDEMO is owner-confirmed. Its old credentials remain active for other systems and are prohibited for this project. Credentialless development may use only sanitized inventory, hashed public contracts and synthetic fixtures; signed request/response tests remain blocked pending a coordinated rotation and Harness Secret binding. Evidence: evidence/g7-public-api-catalog.json;evidence/g7-workbench-sandbox-inventory.json;evidence/g7-target-application-confirmation.json;evidence/g7-credential-dependency-decision.json.","COMPOSED_REUSE","G7-GAP-003","PROPOSED minimal order/plan workflow; approval pending","BLOCKED_PENDING_CONTRACT_AND_APPROVAL","UNASSIGNED: Product + G7 integration + data owner"
"FR-029","ETA 与承诺风险","order fulfilment and capacity planning; contract: 系统必须结合 G7 位置/轨迹事实、计划时窗、历史耗时和运营事件计算 ETA 与风险等级，显示置信度、证据、新鲜度和影响订单。","orders, segments, stops, commitments, dispatch plans and G7 facts","asset/assignment/site/location/geofence/trip scopes ACTIVE and SANDBOX-supported; no order/dispatch lifecycle scope; /trips/_search DEVELOPING only","READ_WRITE","PRODUCT_WORKFLOW_G7_FACTS","WORKBENCH_INVENTORY_ONLY: assignment, site, address, geofence, telemetry and trip scopes are active and SANDBOX-supported; no order/dispatch workflow scope was found. Target application ZHLDEMO is owner-confirmed. Its old credentials remain active for other systems and are prohibited for this project. Credentialless development may use only sanitized inventory, hashed public contracts and synthetic fixtures; signed request/response tests remain blocked pending a coordinated rotation and Harness Secret binding. Evidence: evidence/g7-public-api-catalog.json;evidence/g7-workbench-sandbox-inventory.json;evidence/g7-target-application-confirmation.json;evidence/g7-credential-dependency-decision.json.","COMPOSED_REUSE","G7-GAP-003","PROPOSED minimal order/plan workflow; approval pending","BLOCKED_PENDING_CONTRACT_AND_APPROVAL","UNASSIGNED: Product + G7 integration + data owner"
"FR-030","异常影响传播","order fulfilment and capacity planning; contract: 系统必须把车辆、司机、路线、停靠点、订单、客户 SLA 和后续任务组成影响图；异常发生时列出受影响对象、最晚补救时间和责任人。","orders, segments, stops, commitments, dispatch plans and G7 facts","asset/assignment/site/location/geofence/trip scopes ACTIVE and SANDBOX-supported; no order/dispatch lifecycle scope; /trips/_search DEVELOPING only","READ_WRITE","PRODUCT_WORKFLOW_G7_FACTS","WORKBENCH_INVENTORY_ONLY: assignment, site, address, geofence, telemetry and trip scopes are active and SANDBOX-supported; no order/dispatch workflow scope was found. Target application ZHLDEMO is owner-confirmed. Its old credentials remain active for other systems and are prohibited for this project. Credentialless development may use only sanitized inventory, hashed public contracts and synthetic fixtures; signed request/response tests remain blocked pending a coordinated rotation and Harness Secret binding. Evidence: evidence/g7-public-api-catalog.json;evidence/g7-workbench-sandbox-inventory.json;evidence/g7-target-application-confirmation.json;evidence/g7-credential-dependency-decision.json.","COMPOSED_REUSE","G7-GAP-003","PROPOSED minimal order/plan workflow; approval pending","BLOCKED_PENDING_CONTRACT_AND_APPROVAL","UNASSIGNED: Product + G7 integration + data owner"
"FR-031","履约凭证与结案","order fulfilment and capacity planning; contract: 系统必须接收签收、异常签收、照片、回单和客户确认，校验订单履约条件并将未满足项转为待处理工作，不得静默标记完成。","orders, segments, stops, commitments, dispatch plans and G7 facts","asset/assignment/site/location/geofence/trip scopes ACTIVE and SANDBOX-supported; no order/dispatch lifecycle scope; /trips/_search DEVELOPING only","READ_WRITE","PRODUCT_WORKFLOW_G7_FACTS","WORKBENCH_INVENTORY_ONLY: assignment, site, address, geofence, telemetry and trip scopes are active and SANDBOX-supported; no order/dispatch workflow scope was found. Target application ZHLDEMO is owner-confirmed. Its old credentials remain active for other systems and are prohibited for this project. Credentialless development may use only sanitized inventory, hashed public contracts and synthetic fixtures; signed request/response tests remain blocked pending a coordinated rotation and Harness Secret binding. Evidence: evidence/g7-public-api-catalog.json;evidence/g7-workbench-sandbox-inventory.json;evidence/g7-target-application-confirmation.json;evidence/g7-credential-dependency-decision.json.","COMPOSED_REUSE","G7-GAP-003","PROPOSED minimal order/plan workflow; approval pending","BLOCKED_PENDING_CONTRACT_AND_APPROVAL","UNASSIGNED: Product + G7 integration + data owner"
"FR-032","运力池与班次计划","order fulfilment and capacity planning; contract: 系统必须按组织、车型、载重、能源、司机资格、班次和维护占用展示可用运力，支持未来日期和临时运力锁定。","orders, segments, stops, commitments, dispatch plans and G7 facts","asset/assignment/site/location/geofence/trip scopes ACTIVE and SANDBOX-supported; no order/dispatch lifecycle scope; /trips/_search DEVELOPING only","READ_WRITE","PRODUCT_WORKFLOW_G7_FACTS","WORKBENCH_INVENTORY_ONLY: assignment, site, address, geofence, telemetry and trip scopes are active and SANDBOX-supported; no order/dispatch workflow scope was found. Target application ZHLDEMO is owner-confirmed. Its old credentials remain active for other systems and are prohibited for this project. Credentialless development may use only sanitized inventory, hashed public contracts and synthetic fixtures; signed request/response tests remain blocked pending a coordinated rotation and Harness Secret binding. Evidence: evidence/g7-public-api-catalog.json;evidence/g7-workbench-sandbox-inventory.json;evidence/g7-target-application-confirmation.json;evidence/g7-credential-dependency-decision.json.","COMPOSED_REUSE","G7-GAP-003","PROPOSED minimal order/plan workflow; approval pending","BLOCKED_PENDING_CONTRACT_AND_APPROVAL","UNASSIGNED: Product + G7 integration + data owner"
"FR-033","候选匹配与约束解释","order fulfilment and capacity planning; contract: 系统必须为订单或运输段提供人车候选，解释容量、时窗、资格、位置、工时和冲突约束；候选建议与阻塞原因分开呈现。","orders, segments, stops, commitments, dispatch plans and G7 facts","asset/assignment/site/location/geofence/trip scopes ACTIVE and SANDBOX-supported; no order/dispatch lifecycle scope; /trips/_search DEVELOPING only","READ_WRITE","PRODUCT_WORKFLOW_G7_FACTS","WORKBENCH_INVENTORY_ONLY: assignment, site, address, geofence, telemetry and trip scopes are active and SANDBOX-supported; no order/dispatch workflow scope was found. Target application ZHLDEMO is owner-confirmed. Its old credentials remain active for other systems and are prohibited for this project. Credentialless development may use only sanitized inventory, hashed public contracts and synthetic fixtures; signed request/response tests remain blocked pending a coordinated rotation and Harness Secret binding. Evidence: evidence/g7-public-api-catalog.json;evidence/g7-workbench-sandbox-inventory.json;evidence/g7-target-application-confirmation.json;evidence/g7-credential-dependency-decision.json.","COMPOSED_REUSE","G7-GAP-003","PROPOSED minimal order/plan workflow; approval pending","BLOCKED_PENDING_CONTRACT_AND_APPROVAL","UNASSIGNED: Product + G7 integration + data owner"
"FR-034","What-if 场景","order fulfilment and capacity planning; contract: 用户必须能够复制计划并比较准时率、空驶、里程、成本、加班、风险和客户影响；场景计算不能直接写入生产派车。","orders, segments, stops, commitments, dispatch plans and G7 facts","asset/assignment/site/location/geofence/trip scopes ACTIVE and SANDBOX-supported; no order/dispatch lifecycle scope; /trips/_search DEVELOPING only","READ_WRITE","PRODUCT_WORKFLOW_G7_FACTS","WORKBENCH_INVENTORY_ONLY: assignment, site, address, geofence, telemetry and trip scopes are active and SANDBOX-supported; no order/dispatch workflow scope was found. Target application ZHLDEMO is owner-confirmed. Its old credentials remain active for other systems and are prohibited for this project. Credentialless development may use only sanitized inventory, hashed public contracts and synthetic fixtures; signed request/response tests remain blocked pending a coordinated rotation and Harness Secret binding. Evidence: evidence/g7-public-api-catalog.json;evidence/g7-workbench-sandbox-inventory.json;evidence/g7-target-application-confirmation.json;evidence/g7-credential-dependency-decision.json.","COMPOSED_REUSE","G7-GAP-003","PROPOSED minimal order/plan workflow; approval pending","BLOCKED_PENDING_CONTRACT_AND_APPROVAL","UNASSIGNED: Product + G7 integration + data owner"
"FR-035","派车批处理","order fulfilment and capacity planning; contract: 系统必须支持按班次、区域或订单批量生成派车草稿，逐项显示冲突和可撤销性，确认后才通过本地服务同步 G7。","orders, segments, stops, commitments, dispatch plans and G7 facts","asset/assignment/site/location/geofence/trip scopes ACTIVE and SANDBOX-supported; no order/dispatch lifecycle scope; /trips/_search DEVELOPING only","READ_WRITE","PRODUCT_WORKFLOW_G7_FACTS","WORKBENCH_INVENTORY_ONLY: assignment, site, address, geofence, telemetry and trip scopes are active and SANDBOX-supported; no order/dispatch workflow scope was found. Target application ZHLDEMO is owner-confirmed. Its old credentials remain active for other systems and are prohibited for this project. Credentialless development may use only sanitized inventory, hashed public contracts and synthetic fixtures; signed request/response tests remain blocked pending a coordinated rotation and Harness Secret binding. Evidence: evidence/g7-public-api-catalog.json;evidence/g7-workbench-sandbox-inventory.json;evidence/g7-target-application-confirmation.json;evidence/g7-credential-dependency-decision.json.","COMPOSED_REUSE","G7-GAP-003","PROPOSED minimal order/plan workflow; approval pending","BLOCKED_PENDING_CONTRACT_AND_APPROVAL","UNASSIGNED: Product + G7 integration + data owner"
"FR-036","运力预警","order fulfilment and capacity planning; contract: 系统必须提前识别未来班次的运力缺口、维护占用、司机工时风险和高峰拥堵，并生成补运、改约或客户沟通建议。","orders, segments, stops, commitments, dispatch plans and G7 facts","asset/assignment/site/location/geofence/trip scopes ACTIVE and SANDBOX-supported; no order/dispatch lifecycle scope; /trips/_search DEVELOPING only","READ_WRITE","PRODUCT_WORKFLOW_G7_FACTS","WORKBENCH_INVENTORY_ONLY: assignment, site, address, geofence, telemetry and trip scopes are active and SANDBOX-supported; no order/dispatch workflow scope was found. Target application ZHLDEMO is owner-confirmed. Its old credentials remain active for other systems and are prohibited for this project. Credentialless development may use only sanitized inventory, hashed public contracts and synthetic fixtures; signed request/response tests remain blocked pending a coordinated rotation and Harness Secret binding. Evidence: evidence/g7-public-api-catalog.json;evidence/g7-workbench-sandbox-inventory.json;evidence/g7-target-application-confirmation.json;evidence/g7-credential-dependency-decision.json.","COMPOSED_REUSE","G7-GAP-003","PROPOSED minimal order/plan workflow; approval pending","BLOCKED_PENDING_CONTRACT_AND_APPROVAL","UNASSIGNED: Product + G7 integration + data owner"
"FR-037","客户 SLA 与承诺","customer, case and settlement; contract: 系统必须保存客户 SLA、承诺模板、通知渠道、联系人和升级规则，并将订单风险映射到具体承诺。","SLA, communication, case, charge and reconciliation evidence","No target-app customer/SLA/case/claim/settlement scope found; messaging composition remains possible","READ_WRITE","UNDETERMINED","WORKBENCH_INVENTORY_ONLY: no customer SLA, case, claim, settlement or reconciliation scope was found; messaging topics exist, while broadcast REST is unsupported in SANDBOX. Target application ZHLDEMO is owner-confirmed. Its old credentials remain active for other systems and are prohibited for this project. Credentialless development may use only sanitized inventory, hashed public contracts and synthetic fixtures; signed request/response tests remain blocked pending a coordinated rotation and Harness Secret binding. Evidence: evidence/g7-public-api-catalog.json;evidence/g7-workbench-sandbox-inventory.json;evidence/g7-target-application-confirmation.json;evidence/g7-credential-dependency-decision.json.","LOCAL_GAP_IMPLEMENTATION","G7-GAP-005","PROHIBITED until platform absence/composition evidence and ADR approval","APPROVED_LOCAL_DESIGN_TEST_REVIEW_ONLY; EXECUTION_BLOCKED_PENDING_SIGNED_SANDBOX_AND_NAMED_ACTIVATION_REVIEW","周贺龙: LOCAL_DESIGN_TEST_REVIEW_2026-08-25; ACTIVATION_REVIEWER_UNASSIGNED"
"FR-038","协同消息工作流","customer, case and settlement; contract: 系统必须从异常或计划变化生成带证据的客户/承运商通知草稿，支持审阅、发送、撤回状态和沟通时间线。","SLA, communication, case, charge and reconciliation evidence","No target-app customer/SLA/case/claim/settlement scope found; messaging composition remains possible","READ_WRITE","UNDETERMINED","WORKBENCH_INVENTORY_ONLY: no customer SLA, case, claim, settlement or reconciliation scope was found; messaging topics exist, while broadcast REST is unsupported in SANDBOX. Target application ZHLDEMO is owner-confirmed. Its old credentials remain active for other systems and are prohibited for this project. Credentialless development may use only sanitized inventory, hashed public contracts and synthetic fixtures; signed request/response tests remain blocked pending a coordinated rotation and Harness Secret binding. Evidence: evidence/g7-public-api-catalog.json;evidence/g7-workbench-sandbox-inventory.json;evidence/g7-target-application-confirmation.json;evidence/g7-credential-dependency-decision.json.","LOCAL_GAP_IMPLEMENTATION","G7-GAP-005","PROHIBITED until platform absence/composition evidence and ADR approval","APPROVED_LOCAL_DESIGN_TEST_REVIEW_ONLY; EXECUTION_BLOCKED_PENDING_SIGNED_SANDBOX_AND_NAMED_ACTIVATION_REVIEW","周贺龙: LOCAL_DESIGN_TEST_REVIEW_2026-08-25; ACTIVATION_REVIEWER_UNASSIGNED"
"FR-039","索赔与服务案件","customer, case and settlement; contract: 系统必须支持从订单、凭证、事件和沟通创建服务案件，记录责任、金额、材料、时限、处理阶段和复核结果。","SLA, communication, case, charge and reconciliation evidence","No target-app customer/SLA/case/claim/settlement scope found; messaging composition remains possible","READ_WRITE","UNDETERMINED","WORKBENCH_INVENTORY_ONLY: no customer SLA, case, claim, settlement or reconciliation scope was found; messaging topics exist, while broadcast REST is unsupported in SANDBOX. Target application ZHLDEMO is owner-confirmed. Its old credentials remain active for other systems and are prohibited for this project. Credentialless development may use only sanitized inventory, hashed public contracts and synthetic fixtures; signed request/response tests remain blocked pending a coordinated rotation and Harness Secret binding. Evidence: evidence/g7-public-api-catalog.json;evidence/g7-workbench-sandbox-inventory.json;evidence/g7-target-application-confirmation.json;evidence/g7-credential-dependency-decision.json.","LOCAL_GAP_IMPLEMENTATION","G7-GAP-005","PROHIBITED until platform absence/composition evidence and ADR approval","APPROVED_LOCAL_DESIGN_TEST_REVIEW_ONLY; EXECUTION_BLOCKED_PENDING_SIGNED_SANDBOX_AND_NAMED_ACTIVATION_REVIEW","周贺龙: LOCAL_DESIGN_TEST_REVIEW_2026-08-25; ACTIVATION_REVIEWER_UNASSIGNED"
"FR-040","费用采集与匹配","customer, case and settlement; contract: 系统必须接收运费、油费、路桥费、停车、装卸和附加费，按订单、运输段、车辆和供应商匹配并保留来源凭证。","SLA, communication, case, charge and reconciliation evidence","No target-app customer/SLA/case/claim/settlement scope found; messaging composition remains possible","READ_WRITE","UNDETERMINED","WORKBENCH_INVENTORY_ONLY: no customer SLA, case, claim, settlement or reconciliation scope was found; messaging topics exist, while broadcast REST is unsupported in SANDBOX. Target application ZHLDEMO is owner-confirmed. Its old credentials remain active for other systems and are prohibited for this project. Credentialless development may use only sanitized inventory, hashed public contracts and synthetic fixtures; signed request/response tests remain blocked pending a coordinated rotation and Harness Secret binding. Evidence: evidence/g7-public-api-catalog.json;evidence/g7-workbench-sandbox-inventory.json;evidence/g7-target-application-confirmation.json;evidence/g7-credential-dependency-decision.json.","LOCAL_GAP_IMPLEMENTATION","G7-GAP-005","PROHIBITED until platform absence/composition evidence and ADR approval","APPROVED_LOCAL_DESIGN_TEST_REVIEW_ONLY; EXECUTION_BLOCKED_PENDING_SIGNED_SANDBOX_AND_NAMED_ACTIVATION_REVIEW","周贺龙: LOCAL_DESIGN_TEST_REVIEW_2026-08-25; ACTIVATION_REVIEWER_UNASSIGNED"
"FR-041","结算对账","customer, case and settlement; contract: 系统必须比较合同费率、实际履约、外部账单和已付款记录，标出差异、重复、缺凭证和需审批金额，不自动篡改财务原账。","SLA, communication, case, charge and reconciliation evidence","No target-app customer/SLA/case/claim/settlement scope found; messaging composition remains possible","READ_WRITE","UNDETERMINED","WORKBENCH_INVENTORY_ONLY: no customer SLA, case, claim, settlement or reconciliation scope was found; messaging topics exist, while broadcast REST is unsupported in SANDBOX. Target application ZHLDEMO is owner-confirmed. Its old credentials remain active for other systems and are prohibited for this project. Credentialless development may use only sanitized inventory, hashed public contracts and synthetic fixtures; signed request/response tests remain blocked pending a coordinated rotation and Harness Secret binding. Evidence: evidence/g7-public-api-catalog.json;evidence/g7-workbench-sandbox-inventory.json;evidence/g7-target-application-confirmation.json;evidence/g7-credential-dependency-decision.json.","LOCAL_GAP_IMPLEMENTATION","G7-GAP-005","PROHIBITED until platform absence/composition evidence and ADR approval","APPROVED_LOCAL_DESIGN_TEST_REVIEW_ONLY; EXECUTION_BLOCKED_PENDING_SIGNED_SANDBOX_AND_NAMED_ACTIVATION_REVIEW","周贺龙: LOCAL_DESIGN_TEST_REVIEW_2026-08-25; ACTIVATION_REVIEWER_UNASSIGNED"
"FR-042","客户服务摘要","customer, case and settlement; contract: 系统必须生成按客户、线路和时间窗聚合的准时率、异常、沟通、索赔和费用摘要，并提供证据链接。","SLA, communication, case, charge and reconciliation evidence","No target-app customer/SLA/case/claim/settlement scope found; messaging composition remains possible","READ_WRITE","UNDETERMINED","WORKBENCH_INVENTORY_ONLY: no customer SLA, case, claim, settlement or reconciliation scope was found; messaging topics exist, while broadcast REST is unsupported in SANDBOX. Target application ZHLDEMO is owner-confirmed. Its old credentials remain active for other systems and are prohibited for this project. Credentialless development may use only sanitized inventory, hashed public contracts and synthetic fixtures; signed request/response tests remain blocked pending a coordinated rotation and Harness Secret binding. Evidence: evidence/g7-public-api-catalog.json;evidence/g7-workbench-sandbox-inventory.json;evidence/g7-target-application-confirmation.json;evidence/g7-credential-dependency-decision.json.","LOCAL_GAP_IMPLEMENTATION","G7-GAP-005","PROHIBITED until platform absence/composition evidence and ADR approval","APPROVED_LOCAL_DESIGN_TEST_REVIEW_ONLY; EXECUTION_BLOCKED_PENDING_SIGNED_SANDBOX_AND_NAMED_ACTIVATION_REVIEW","周贺龙: LOCAL_DESIGN_TEST_REVIEW_2026-08-25; ACTIVATION_REVIEWER_UNASSIGNED"
"FR-043","Playbook 编排","automation and knowledge governance; contract: 管理员必须能以事件、时间、规则或人工命令为触发器，编排查询、判断、通知、草稿、审批、写入和回读步骤。","Playbook, run, knowledge, version and evaluation","G7 business facts compose through Tool Registry; no target-app Playbook/knowledge/governance scope found","READ_WRITE","PRODUCT","WORKBENCH_INVENTORY_ONLY: no Agent, tool-governance, approval, Playbook or knowledge-lifecycle scope was found; G7 facts remain available only through product tools. Target application ZHLDEMO is owner-confirmed. Its old credentials remain active for other systems and are prohibited for this project. Credentialless development may use only sanitized inventory, hashed public contracts and synthetic fixtures; signed request/response tests remain blocked pending a coordinated rotation and Harness Secret binding. Evidence: evidence/g7-public-api-catalog.json;evidence/g7-workbench-sandbox-inventory.json;evidence/g7-target-application-confirmation.json;evidence/g7-credential-dependency-decision.json.","LOCAL_GAP_IMPLEMENTATION","G7-GAP-006;G7-GAP-004","REQUIRED candidate model; approval pending","APPROVED_LOCAL_DESIGN_TEST_REVIEW_ONLY; EXECUTION_BLOCKED_PENDING_SIGNED_SANDBOX_AND_NAMED_ACTIVATION_REVIEW","周贺龙: LOCAL_DESIGN_TEST_REVIEW_2026-08-25; ACTIVATION_REVIEWER_UNASSIGNED"
"FR-044","自动化版本与发布","automation and knowledge governance; contract: Playbook 必须有草稿、测试、发布、暂停、回滚和版本差异，发布前显示权限、风险、预算和影响范围。","Playbook, run, knowledge, version and evaluation","G7 business facts compose through Tool Registry; no target-app Playbook/knowledge/governance scope found","READ_WRITE","PRODUCT","WORKBENCH_INVENTORY_ONLY: no Agent, tool-governance, approval, Playbook or knowledge-lifecycle scope was found; G7 facts remain available only through product tools. Target application ZHLDEMO is owner-confirmed. Its old credentials remain active for other systems and are prohibited for this project. Credentialless development may use only sanitized inventory, hashed public contracts and synthetic fixtures; signed request/response tests remain blocked pending a coordinated rotation and Harness Secret binding. Evidence: evidence/g7-public-api-catalog.json;evidence/g7-workbench-sandbox-inventory.json;evidence/g7-target-application-confirmation.json;evidence/g7-credential-dependency-decision.json.","LOCAL_GAP_IMPLEMENTATION","G7-GAP-006;G7-GAP-004","REQUIRED candidate model; approval pending","APPROVED_LOCAL_DESIGN_TEST_REVIEW_ONLY; EXECUTION_BLOCKED_PENDING_SIGNED_SANDBOX_AND_NAMED_ACTIVATION_REVIEW","周贺龙: LOCAL_DESIGN_TEST_REVIEW_2026-08-25; ACTIVATION_REVIEWER_UNASSIGNED"
"FR-045","运行历史与重放","automation and knowledge governance; contract: 系统必须保存每次自动化运行的输入、Context Pack、工具、审批、输出、错误和成本，支持脱离生产数据的安全重放。","Playbook, run, knowledge, version and evaluation","G7 business facts compose through Tool Registry; no target-app Playbook/knowledge/governance scope found","READ_WRITE","PRODUCT","WORKBENCH_INVENTORY_ONLY: no Agent, tool-governance, approval, Playbook or knowledge-lifecycle scope was found; G7 facts remain available only through product tools. Target application ZHLDEMO is owner-confirmed. Its old credentials remain active for other systems and are prohibited for this project. Credentialless development may use only sanitized inventory, hashed public contracts and synthetic fixtures; signed request/response tests remain blocked pending a coordinated rotation and Harness Secret binding. Evidence: evidence/g7-public-api-catalog.json;evidence/g7-workbench-sandbox-inventory.json;evidence/g7-target-application-confirmation.json;evidence/g7-credential-dependency-decision.json.","LOCAL_GAP_IMPLEMENTATION","G7-GAP-006;G7-GAP-004","REQUIRED candidate model; approval pending","APPROVED_LOCAL_DESIGN_TEST_REVIEW_ONLY; EXECUTION_BLOCKED_PENDING_SIGNED_SANDBOX_AND_NAMED_ACTIVATION_REVIEW","周贺龙: LOCAL_DESIGN_TEST_REVIEW_2026-08-25; ACTIVATION_REVIEWER_UNASSIGNED"
"FR-046","知识库与引用","automation and knowledge governance; contract: 系统必须支持 SOP、合同、SLA、手册和监管材料的版本、生效期、标签、权限、分段索引和引用位置。","Playbook, run, knowledge, version and evaluation","G7 business facts compose through Tool Registry; no target-app Playbook/knowledge/governance scope found","READ_WRITE","PRODUCT","WORKBENCH_INVENTORY_ONLY: no Agent, tool-governance, approval, Playbook or knowledge-lifecycle scope was found; G7 facts remain available only through product tools. Target application ZHLDEMO is owner-confirmed. Its old credentials remain active for other systems and are prohibited for this project. Credentialless development may use only sanitized inventory, hashed public contracts and synthetic fixtures; signed request/response tests remain blocked pending a coordinated rotation and Harness Secret binding. Evidence: evidence/g7-public-api-catalog.json;evidence/g7-workbench-sandbox-inventory.json;evidence/g7-target-application-confirmation.json;evidence/g7-credential-dependency-decision.json.","LOCAL_GAP_IMPLEMENTATION","G7-GAP-006;G7-GAP-004","REQUIRED candidate model; approval pending","APPROVED_LOCAL_DESIGN_TEST_REVIEW_ONLY; EXECUTION_BLOCKED_PENDING_SIGNED_SANDBOX_AND_NAMED_ACTIVATION_REVIEW","周贺龙: LOCAL_DESIGN_TEST_REVIEW_2026-08-25; ACTIVATION_REVIEWER_UNASSIGNED"
"FR-047","知识冲突与影响","automation and knowledge governance; contract: 当知识版本冲突、过期或影响现有 Playbook/Agent 时，系统必须创建治理工作并阻断高风险建议，保留旧版本可审计。","Playbook, run, knowledge, version and evaluation","G7 business facts compose through Tool Registry; no target-app Playbook/knowledge/governance scope found","READ_WRITE","PRODUCT","WORKBENCH_INVENTORY_ONLY: no Agent, tool-governance, approval, Playbook or knowledge-lifecycle scope was found; G7 facts remain available only through product tools. Target application ZHLDEMO is owner-confirmed. Its old credentials remain active for other systems and are prohibited for this project. Credentialless development may use only sanitized inventory, hashed public contracts and synthetic fixtures; signed request/response tests remain blocked pending a coordinated rotation and Harness Secret binding. Evidence: evidence/g7-public-api-catalog.json;evidence/g7-workbench-sandbox-inventory.json;evidence/g7-target-application-confirmation.json;evidence/g7-credential-dependency-decision.json.","LOCAL_GAP_IMPLEMENTATION","G7-GAP-006;G7-GAP-004","REQUIRED candidate model; approval pending","APPROVED_LOCAL_DESIGN_TEST_REVIEW_ONLY; EXECUTION_BLOCKED_PENDING_SIGNED_SANDBOX_AND_NAMED_ACTIVATION_REVIEW","周贺龙: LOCAL_DESIGN_TEST_REVIEW_2026-08-25; ACTIVATION_REVIEWER_UNASSIGNED"
"FR-048","Agent/Skill 目录","automation and knowledge governance; contract: 系统必须展示 Agent、Skill、Prompt、工具和模型路由的负责人、版本、作用域、风险级别和启停状态。","Playbook, run, knowledge, version and evaluation","G7 business facts compose through Tool Registry; no target-app Playbook/knowledge/governance scope found","READ_WRITE","PRODUCT","WORKBENCH_INVENTORY_ONLY: no Agent, tool-governance, approval, Playbook or knowledge-lifecycle scope was found; G7 facts remain available only through product tools. Target application ZHLDEMO is owner-confirmed. Its old credentials remain active for other systems and are prohibited for this project. Credentialless development may use only sanitized inventory, hashed public contracts and synthetic fixtures; signed request/response tests remain blocked pending a coordinated rotation and Harness Secret binding. Evidence: evidence/g7-public-api-catalog.json;evidence/g7-workbench-sandbox-inventory.json;evidence/g7-target-application-confirmation.json;evidence/g7-credential-dependency-decision.json.","LOCAL_GAP_IMPLEMENTATION","G7-GAP-006;G7-GAP-004","REQUIRED candidate model; approval pending","APPROVED_LOCAL_DESIGN_TEST_REVIEW_ONLY; EXECUTION_BLOCKED_PENDING_SIGNED_SANDBOX_AND_NAMED_ACTIVATION_REVIEW","周贺龙: LOCAL_DESIGN_TEST_REVIEW_2026-08-25; ACTIVATION_REVIEWER_UNASSIGNED"
"FR-049","评估集与质量门禁","automation and knowledge governance; contract: 管理员必须能维护黄金案例、数据源 schema、评分器、基准运行和版本对比，未达到证据覆盖、动作正确性或成本门槛的版本不可发布。","Playbook, run, knowledge, version and evaluation","G7 business facts compose through Tool Registry; no target-app Playbook/knowledge/governance scope found","READ_WRITE","PRODUCT","WORKBENCH_INVENTORY_ONLY: no Agent, tool-governance, approval, Playbook or knowledge-lifecycle scope was found; G7 facts remain available only through product tools. Target application ZHLDEMO is owner-confirmed. Its old credentials remain active for other systems and are prohibited for this project. Credentialless development may use only sanitized inventory, hashed public contracts and synthetic fixtures; signed request/response tests remain blocked pending a coordinated rotation and Harness Secret binding. Evidence: evidence/g7-public-api-catalog.json;evidence/g7-workbench-sandbox-inventory.json;evidence/g7-target-application-confirmation.json;evidence/g7-credential-dependency-decision.json.","LOCAL_GAP_IMPLEMENTATION","G7-GAP-006;G7-GAP-004","REQUIRED candidate model; approval pending","APPROVED_LOCAL_DESIGN_TEST_REVIEW_ONLY; EXECUTION_BLOCKED_PENDING_SIGNED_SANDBOX_AND_NAMED_ACTIVATION_REVIEW","周贺龙: LOCAL_DESIGN_TEST_REVIEW_2026-08-25; ACTIVATION_REVIEWER_UNASSIGNED"
"FR-050","经营指标语义层","analytics and optimization; contract: 系统必须统一订单、履约、准时率、空驶、利用率、维护停机、事故、成本和毛利的定义、粒度、时间口径和权限。","metric definitions, lineage, forecasts, profitability and AI cost","G7 facts are inputs; no target-app semantic/forecast/profitability/AI-cost scope found","READ","PRODUCT_DERIVED_FROM_G7_FACTS","WORKBENCH_INVENTORY_ONLY: telemetry and master facts are available, but no semantic metric, forecast, profitability or AI-cost scope was found. Target application ZHLDEMO is owner-confirmed. Its old credentials remain active for other systems and are prohibited for this project. Credentialless development may use only sanitized inventory, hashed public contracts and synthetic fixtures; signed request/response tests remain blocked pending a coordinated rotation and Harness Secret binding. Evidence: evidence/g7-public-api-catalog.json;evidence/g7-workbench-sandbox-inventory.json;evidence/g7-target-application-confirmation.json;evidence/g7-credential-dependency-decision.json.","LOCAL_GAP_IMPLEMENTATION","G7-GAP-007","REQUIRED candidate projections; approval pending","APPROVED_LOCAL_DESIGN_TEST_REVIEW_ONLY; EXECUTION_BLOCKED_PENDING_SIGNED_SANDBOX_AND_NAMED_ACTIVATION_REVIEW","周贺龙: LOCAL_DESIGN_TEST_REVIEW_2026-08-25; ACTIVATION_REVIEWER_UNASSIGNED"
"FR-051","根因分析","analytics and optimization; contract: 用户必须能从 KPI 下钻至客户、线路、订单、车辆、司机、事件、维护和费用证据，并区分事实、相关性和推断。","metric definitions, lineage, forecasts, profitability and AI cost","G7 facts are inputs; no target-app semantic/forecast/profitability/AI-cost scope found","READ","PRODUCT_DERIVED_FROM_G7_FACTS","WORKBENCH_INVENTORY_ONLY: telemetry and master facts are available, but no semantic metric, forecast, profitability or AI-cost scope was found. Target application ZHLDEMO is owner-confirmed. Its old credentials remain active for other systems and are prohibited for this project. Credentialless development may use only sanitized inventory, hashed public contracts and synthetic fixtures; signed request/response tests remain blocked pending a coordinated rotation and Harness Secret binding. Evidence: evidence/g7-public-api-catalog.json;evidence/g7-workbench-sandbox-inventory.json;evidence/g7-target-application-confirmation.json;evidence/g7-credential-dependency-decision.json.","LOCAL_GAP_IMPLEMENTATION","G7-GAP-007","REQUIRED candidate projections; approval pending","APPROVED_LOCAL_DESIGN_TEST_REVIEW_ONLY; EXECUTION_BLOCKED_PENDING_SIGNED_SANDBOX_AND_NAMED_ACTIVATION_REVIEW","周贺龙: LOCAL_DESIGN_TEST_REVIEW_2026-08-25; ACTIVATION_REVIEWER_UNASSIGNED"
"FR-052","需求与容量预测","analytics and optimization; contract: 系统必须支持按客户、区域、线路和日期预测订单量与运力需求，显示预测区间、数据新鲜度和人工调整记录。","metric definitions, lineage, forecasts, profitability and AI cost","G7 facts are inputs; no target-app semantic/forecast/profitability/AI-cost scope found","READ","PRODUCT_DERIVED_FROM_G7_FACTS","WORKBENCH_INVENTORY_ONLY: telemetry and master facts are available, but no semantic metric, forecast, profitability or AI-cost scope was found. Target application ZHLDEMO is owner-confirmed. Its old credentials remain active for other systems and are prohibited for this project. Credentialless development may use only sanitized inventory, hashed public contracts and synthetic fixtures; signed request/response tests remain blocked pending a coordinated rotation and Harness Secret binding. Evidence: evidence/g7-public-api-catalog.json;evidence/g7-workbench-sandbox-inventory.json;evidence/g7-target-application-confirmation.json;evidence/g7-credential-dependency-decision.json.","LOCAL_GAP_IMPLEMENTATION","G7-GAP-007","REQUIRED candidate projections; approval pending","APPROVED_LOCAL_DESIGN_TEST_REVIEW_ONLY; EXECUTION_BLOCKED_PENDING_SIGNED_SANDBOX_AND_NAMED_ACTIVATION_REVIEW","周贺龙: LOCAL_DESIGN_TEST_REVIEW_2026-08-25; ACTIVATION_REVIEWER_UNASSIGNED"
"FR-053","线路与客户盈利","analytics and optimization; contract: 系统必须估算线路、客户和车辆维度的收入、直接成本、异常成本和服务成本，显示口径和不可分摊项。","metric definitions, lineage, forecasts, profitability and AI cost","G7 facts are inputs; no target-app semantic/forecast/profitability/AI-cost scope found","READ","PRODUCT_DERIVED_FROM_G7_FACTS","WORKBENCH_INVENTORY_ONLY: telemetry and master facts are available, but no semantic metric, forecast, profitability or AI-cost scope was found. Target application ZHLDEMO is owner-confirmed. Its old credentials remain active for other systems and are prohibited for this project. Credentialless development may use only sanitized inventory, hashed public contracts and synthetic fixtures; signed request/response tests remain blocked pending a coordinated rotation and Harness Secret binding. Evidence: evidence/g7-public-api-catalog.json;evidence/g7-workbench-sandbox-inventory.json;evidence/g7-target-application-confirmation.json;evidence/g7-credential-dependency-decision.json.","LOCAL_GAP_IMPLEMENTATION","G7-GAP-007","REQUIRED candidate projections; approval pending","APPROVED_LOCAL_DESIGN_TEST_REVIEW_ONLY; EXECUTION_BLOCKED_PENDING_SIGNED_SANDBOX_AND_NAMED_ACTIVATION_REVIEW","周贺龙: LOCAL_DESIGN_TEST_REVIEW_2026-08-25; ACTIVATION_REVIEWER_UNASSIGNED"
"FR-054","管理层日报","analytics and optimization; contract: 系统必须生成可审阅的日/周经营简报，包含目标偏差、重要变化、风险、证据和建议动作，可导出受权限保护的版本。","metric definitions, lineage, forecasts, profitability and AI cost","G7 facts are inputs; no target-app semantic/forecast/profitability/AI-cost scope found","READ","PRODUCT_DERIVED_FROM_G7_FACTS","WORKBENCH_INVENTORY_ONLY: telemetry and master facts are available, but no semantic metric, forecast, profitability or AI-cost scope was found. Target application ZHLDEMO is owner-confirmed. Its old credentials remain active for other systems and are prohibited for this project. Credentialless development may use only sanitized inventory, hashed public contracts and synthetic fixtures; signed request/response tests remain blocked pending a coordinated rotation and Harness Secret binding. Evidence: evidence/g7-public-api-catalog.json;evidence/g7-workbench-sandbox-inventory.json;evidence/g7-target-application-confirmation.json;evidence/g7-credential-dependency-decision.json.","LOCAL_GAP_IMPLEMENTATION","G7-GAP-007","REQUIRED candidate projections; approval pending","APPROVED_LOCAL_DESIGN_TEST_REVIEW_ONLY; EXECUTION_BLOCKED_PENDING_SIGNED_SANDBOX_AND_NAMED_ACTIVATION_REVIEW","周贺龙: LOCAL_DESIGN_TEST_REVIEW_2026-08-25; ACTIVATION_REVIEWER_UNASSIGNED"
"FR-055","优化建议闭环","analytics and optimization; contract: 系统必须将经营建议转为场景、任务或 Playbook，记录采纳、拒绝、实际结果和回溯指标。","metric definitions, lineage, forecasts, profitability and AI cost","G7 facts are inputs; no target-app semantic/forecast/profitability/AI-cost scope found","READ","PRODUCT_DERIVED_FROM_G7_FACTS","WORKBENCH_INVENTORY_ONLY: telemetry and master facts are available, but no semantic metric, forecast, profitability or AI-cost scope was found. Target application ZHLDEMO is owner-confirmed. Its old credentials remain active for other systems and are prohibited for this project. Credentialless development may use only sanitized inventory, hashed public contracts and synthetic fixtures; signed request/response tests remain blocked pending a coordinated rotation and Harness Secret binding. Evidence: evidence/g7-public-api-catalog.json;evidence/g7-workbench-sandbox-inventory.json;evidence/g7-target-application-confirmation.json;evidence/g7-credential-dependency-decision.json.","LOCAL_GAP_IMPLEMENTATION","G7-GAP-007","REQUIRED candidate projections; approval pending","APPROVED_LOCAL_DESIGN_TEST_REVIEW_ONLY; EXECUTION_BLOCKED_PENDING_SIGNED_SANDBOX_AND_NAMED_ACTIVATION_REVIEW","周贺龙: LOCAL_DESIGN_TEST_REVIEW_2026-08-25; ACTIVATION_REVIEWER_UNASSIGNED"
"FR-056","AI 使用与成本看板","analytics and optimization; contract: 系统必须按租户、组织、Agent、模型、工具和业务域展示调用量、延迟、成本、失败、人工接管和收益指标。","metric definitions, lineage, forecasts, profitability and AI cost","G7 facts are inputs; no target-app semantic/forecast/profitability/AI-cost scope found","READ","PRODUCT_DERIVED_FROM_G7_FACTS","WORKBENCH_INVENTORY_ONLY: telemetry and master facts are available, but no semantic metric, forecast, profitability or AI-cost scope was found. Target application ZHLDEMO is owner-confirmed. Its old credentials remain active for other systems and are prohibited for this project. Credentialless development may use only sanitized inventory, hashed public contracts and synthetic fixtures; signed request/response tests remain blocked pending a coordinated rotation and Harness Secret binding. Evidence: evidence/g7-public-api-catalog.json;evidence/g7-workbench-sandbox-inventory.json;evidence/g7-target-application-confirmation.json;evidence/g7-credential-dependency-decision.json.","LOCAL_GAP_IMPLEMENTATION","G7-GAP-007","REQUIRED candidate projections; approval pending","APPROVED_LOCAL_DESIGN_TEST_REVIEW_ONLY; EXECUTION_BLOCKED_PENDING_SIGNED_SANDBOX_AND_NAMED_ACTIVATION_REVIEW","周贺龙: LOCAL_DESIGN_TEST_REVIEW_2026-08-25; ACTIVATION_REVIEWER_UNASSIGNED"
"FR-057","角色工作空间配置","role, shift, handoff and Driver Companion; contract: 系统必须按角色提供可版本化的默认首页、导航顺序、字段密度、通知策略、AI 模式和允许动作；一人多角色切换必须显式、可审计，且不得扩大原有数据范围。","workspace policy, shifts, locks, handoffs, driver commands/media/device sessions","assignment/asset/location REST SANDBOX-supported; media/broadcast REST unsupported with related messages available; no shift/device/offline scope","READ_WRITE","PRODUCT_WORKFLOW_G7_FACTS","WORKBENCH_INVENTORY_ONLY: asset, assignment and telemetry scopes are SANDBOX-supported; media/broadcast REST is unsupported, related message scopes exist, and no shift/device/offline-command scope was found. Target application ZHLDEMO is owner-confirmed. Its old credentials remain active for other systems and are prohibited for this project. Credentialless development may use only sanitized inventory, hashed public contracts and synthetic fixtures; signed request/response tests remain blocked pending a coordinated rotation and Harness Secret binding. Evidence: evidence/g7-public-api-catalog.json;evidence/g7-workbench-sandbox-inventory.json;evidence/g7-target-application-confirmation.json;evidence/g7-credential-dependency-decision.json.","COMPOSED_REUSE","G7-GAP-008","PROPOSED minimal workflow/offline ledger; approval pending","BLOCKED_PENDING_CONTRACT_AND_APPROVAL","UNASSIGNED: Product + G7 integration + data owner"
"FR-058","经营驾驶舱","role, shift, handoff and Driver Companion; contract: 物流老板必须能查看目标偏差、现金/毛利、客户集中度、资产利用、重大风险和改善任务结果；每个摘要必须带口径、时间、新鲜度并可下钻到有权限的证据。","workspace policy, shifts, locks, handoffs, driver commands/media/device sessions","assignment/asset/location REST SANDBOX-supported; media/broadcast REST unsupported with related messages available; no shift/device/offline scope","READ_WRITE","PRODUCT_WORKFLOW_G7_FACTS","WORKBENCH_INVENTORY_ONLY: asset, assignment and telemetry scopes are SANDBOX-supported; media/broadcast REST is unsupported, related message scopes exist, and no shift/device/offline-command scope was found. Target application ZHLDEMO is owner-confirmed. Its old credentials remain active for other systems and are prohibited for this project. Credentialless development may use only sanitized inventory, hashed public contracts and synthetic fixtures; signed request/response tests remain blocked pending a coordinated rotation and Harness Secret binding. Evidence: evidence/g7-public-api-catalog.json;evidence/g7-workbench-sandbox-inventory.json;evidence/g7-target-application-confirmation.json;evidence/g7-credential-dependency-decision.json.","COMPOSED_REUSE","G7-GAP-008","PROPOSED minimal workflow/offline ledger; approval pending","BLOCKED_PENDING_CONTRACT_AND_APPROVAL","UNASSIGNED: Product + G7 integration + data owner"
"FR-059","班次控制台","role, shift, handoff and Driver Companion; contract: 车队长必须能按班次查看出勤司机、资格/工时、车辆就绪、维护占用、任务需求、现场事项和遗留工作，处理缺口后发布班次并发起交接。","workspace policy, shifts, locks, handoffs, driver commands/media/device sessions","assignment/asset/location REST SANDBOX-supported; media/broadcast REST unsupported with related messages available; no shift/device/offline scope","READ_WRITE","PRODUCT_WORKFLOW_G7_FACTS","WORKBENCH_INVENTORY_ONLY: asset, assignment and telemetry scopes are SANDBOX-supported; media/broadcast REST is unsupported, related message scopes exist, and no shift/device/offline-command scope was found. Target application ZHLDEMO is owner-confirmed. Its old credentials remain active for other systems and are prohibited for this project. Credentialless development may use only sanitized inventory, hashed public contracts and synthetic fixtures; signed request/response tests remain blocked pending a coordinated rotation and Harness Secret binding. Evidence: evidence/g7-public-api-catalog.json;evidence/g7-workbench-sandbox-inventory.json;evidence/g7-target-application-confirmation.json;evidence/g7-credential-dependency-decision.json.","COMPOSED_REUSE","G7-GAP-008","PROPOSED minimal workflow/offline ledger; approval pending","BLOCKED_PENDING_CONTRACT_AND_APPROVAL","UNASSIGNED: Product + G7 integration + data owner"
"FR-060","履约工作箱","role, shift, handoff and Driver Companion; contract: 物流专员必须能在统一队列中按订单生命周期处理缺字段、客户确认、单证、回单、异常和结算阻塞；拆单/合单不得丢失原证据和未解决责任。","workspace policy, shifts, locks, handoffs, driver commands/media/device sessions","assignment/asset/location REST SANDBOX-supported; media/broadcast REST unsupported with related messages available; no shift/device/offline scope","READ_WRITE","PRODUCT_WORKFLOW_G7_FACTS","WORKBENCH_INVENTORY_ONLY: asset, assignment and telemetry scopes are SANDBOX-supported; media/broadcast REST is unsupported, related message scopes exist, and no shift/device/offline-command scope was found. Target application ZHLDEMO is owner-confirmed. Its old credentials remain active for other systems and are prohibited for this project. Credentialless development may use only sanitized inventory, hashed public contracts and synthetic fixtures; signed request/response tests remain blocked pending a coordinated rotation and Harness Secret binding. Evidence: evidence/g7-public-api-catalog.json;evidence/g7-workbench-sandbox-inventory.json;evidence/g7-target-application-confirmation.json;evidence/g7-credential-dependency-decision.json.","COMPOSED_REUSE","G7-GAP-008","PROPOSED minimal workflow/offline ledger; approval pending","BLOCKED_PENDING_CONTRACT_AND_APPROVAL","UNASSIGNED: Product + G7 integration + data owner"
"FR-061","调度排程板","role, shift, handoff and Driver Companion; contract: 调度员必须能以时间轴为主、地图为证据、候选比较为操作面完成排程；选择车辆/司机时创建有期限的资源锁，发布前重新校验版本；批量发布部分失败不得重复成功项。","workspace policy, shifts, locks, handoffs, driver commands/media/device sessions","assignment/asset/location REST SANDBOX-supported; media/broadcast REST unsupported with related messages available; no shift/device/offline scope","READ_WRITE","PRODUCT_WORKFLOW_G7_FACTS","WORKBENCH_INVENTORY_ONLY: asset, assignment and telemetry scopes are SANDBOX-supported; media/broadcast REST is unsupported, related message scopes exist, and no shift/device/offline-command scope was found. Target application ZHLDEMO is owner-confirmed. Its old credentials remain active for other systems and are prohibited for this project. Credentialless development may use only sanitized inventory, hashed public contracts and synthetic fixtures; signed request/response tests remain blocked pending a coordinated rotation and Harness Secret binding. Evidence: evidence/g7-public-api-catalog.json;evidence/g7-workbench-sandbox-inventory.json;evidence/g7-target-application-confirmation.json;evidence/g7-credential-dependency-decision.json.","COMPOSED_REUSE","G7-GAP-008","PROPOSED minimal workflow/offline ledger; approval pending","BLOCKED_PENDING_CONTRACT_AND_APPROVAL","UNASSIGNED: Product + G7 integration + data owner"
"FR-062","业务交接","role, shift, handoff and Driver Companion; contract: 系统必须提供 待接收/已接受/已退回/处理中/待复核/已完成/已超时 的交接状态，记录交出人、接收人、班次、作用域、遗留问题、SLA 和升级路径；代理关系必须有时间窗和原因。","workspace policy, shifts, locks, handoffs, driver commands/media/device sessions","assignment/asset/location REST SANDBOX-supported; media/broadcast REST unsupported with related messages available; no shift/device/offline scope","READ_WRITE","PRODUCT_WORKFLOW_G7_FACTS","WORKBENCH_INVENTORY_ONLY: asset, assignment and telemetry scopes are SANDBOX-supported; media/broadcast REST is unsupported, related message scopes exist, and no shift/device/offline-command scope was found. Target application ZHLDEMO is owner-confirmed. Its old credentials remain active for other systems and are prohibited for this project. Credentialless development may use only sanitized inventory, hashed public contracts and synthetic fixtures; signed request/response tests remain blocked pending a coordinated rotation and Harness Secret binding. Evidence: evidence/g7-public-api-catalog.json;evidence/g7-workbench-sandbox-inventory.json;evidence/g7-target-application-confirmation.json;evidence/g7-credential-dependency-decision.json.","COMPOSED_REUSE","G7-GAP-008","PROPOSED minimal workflow/offline ledger; approval pending","BLOCKED_PENDING_CONTRACT_AND_APPROVAL","UNASSIGNED: Product + G7 integration + data owner"
"FR-063","司机任务与站点","role, shift, handoff and Driver Companion; contract: Driver Companion 必须向司机展示当前/下一任务、站点顺序、时窗、联系人、必要货物与安全要求，并支持接单、到场、离场和任务完成。","workspace policy, shifts, locks, handoffs, driver commands/media/device sessions","assignment/asset/location REST SANDBOX-supported; media/broadcast REST unsupported with related messages available; no shift/device/offline scope","READ_WRITE","PRODUCT_WORKFLOW_G7_FACTS","WORKBENCH_INVENTORY_ONLY: asset, assignment and telemetry scopes are SANDBOX-supported; media/broadcast REST is unsupported, related message scopes exist, and no shift/device/offline-command scope was found. Target application ZHLDEMO is owner-confirmed. Its old credentials remain active for other systems and are prohibited for this project. Credentialless development may use only sanitized inventory, hashed public contracts and synthetic fixtures; signed request/response tests remain blocked pending a coordinated rotation and Harness Secret binding. Evidence: evidence/g7-public-api-catalog.json;evidence/g7-workbench-sandbox-inventory.json;evidence/g7-target-application-confirmation.json;evidence/g7-credential-dependency-decision.json.","COMPOSED_REUSE","G7-GAP-008","PROPOSED minimal workflow/offline ledger; approval pending","BLOCKED_PENDING_CONTRACT_AND_APPROVAL","UNASSIGNED: Product + G7 integration + data owner"
"FR-064","司机异常、消息与回单","role, shift, handoff and Driver Companion; contract: 司机必须能结构化上报延误、车辆、货物、安全和无法联系等异常，接收运营消息并提交照片/签名/备注等回单；所有记录关联任务、位置/时间和设备会话。","workspace policy, shifts, locks, handoffs, driver commands/media/device sessions","assignment/asset/location REST SANDBOX-supported; media/broadcast REST unsupported with related messages available; no shift/device/offline scope","READ_WRITE","PRODUCT_WORKFLOW_G7_FACTS","WORKBENCH_INVENTORY_ONLY: asset, assignment and telemetry scopes are SANDBOX-supported; media/broadcast REST is unsupported, related message scopes exist, and no shift/device/offline-command scope was found. Target application ZHLDEMO is owner-confirmed. Its old credentials remain active for other systems and are prohibited for this project. Credentialless development may use only sanitized inventory, hashed public contracts and synthetic fixtures; signed request/response tests remain blocked pending a coordinated rotation and Harness Secret binding. Evidence: evidence/g7-public-api-catalog.json;evidence/g7-workbench-sandbox-inventory.json;evidence/g7-target-application-confirmation.json;evidence/g7-credential-dependency-decision.json.","COMPOSED_REUSE","G7-GAP-008","PROPOSED minimal workflow/offline ledger; approval pending","BLOCKED_PENDING_CONTRACT_AND_APPROVAL","UNASSIGNED: Product + G7 integration + data owner"
"FR-065","司机离线命令","role, shift, handoff and Driver Companion; contract: Driver Companion 必须在弱网/断网时本地排队允许的任务命令和附件引用，使用设备 ID、本地命令 ID 与幂等键补传；冲突、重复和超期命令必须向司机与运营显示结果。","workspace policy, shifts, locks, handoffs, driver commands/media/device sessions","assignment/asset/location REST SANDBOX-supported; media/broadcast REST unsupported with related messages available; no shift/device/offline scope","READ_WRITE","PRODUCT_WORKFLOW_G7_FACTS","WORKBENCH_INVENTORY_ONLY: asset, assignment and telemetry scopes are SANDBOX-supported; media/broadcast REST is unsupported, related message scopes exist, and no shift/device/offline-command scope was found. Target application ZHLDEMO is owner-confirmed. Its old credentials remain active for other systems and are prohibited for this project. Credentialless development may use only sanitized inventory, hashed public contracts and synthetic fixtures; signed request/response tests remain blocked pending a coordinated rotation and Harness Secret binding. Evidence: evidence/g7-public-api-catalog.json;evidence/g7-workbench-sandbox-inventory.json;evidence/g7-target-application-confirmation.json;evidence/g7-credential-dependency-decision.json.","COMPOSED_REUSE","G7-GAP-008","PROPOSED minimal workflow/offline ledger; approval pending","BLOCKED_PENDING_CONTRACT_AND_APPROVAL","UNASSIGNED: Product + G7 integration + data owner"
"FR-066","驾驶安全模式","role, shift, handoff and Driver Companion; contract: 车辆处于运动状态时，Driver Companion 必须禁用文字输入、复杂表单和需要持续视觉关注的操作，只保留语音提示、外部导航、安全确认和紧急上报；无法可靠判断运动状态时采用可配置的保守策略。","workspace policy, shifts, locks, handoffs, driver commands/media/device sessions","assignment/asset/location REST SANDBOX-supported; media/broadcast REST unsupported with related messages available; no shift/device/offline scope","READ_WRITE","PRODUCT_WORKFLOW_G7_FACTS","WORKBENCH_INVENTORY_ONLY: asset, assignment and telemetry scopes are SANDBOX-supported; media/broadcast REST is unsupported, related message scopes exist, and no shift/device/offline-command scope was found. Target application ZHLDEMO is owner-confirmed. Its old credentials remain active for other systems and are prohibited for this project. Credentialless development may use only sanitized inventory, hashed public contracts and synthetic fixtures; signed request/response tests remain blocked pending a coordinated rotation and Harness Secret binding. Evidence: evidence/g7-public-api-catalog.json;evidence/g7-workbench-sandbox-inventory.json;evidence/g7-target-application-confirmation.json;evidence/g7-credential-dependency-decision.json.","COMPOSED_REUSE","G7-GAP-008","PROPOSED minimal workflow/offline ledger; approval pending","BLOCKED_PENDING_CONTRACT_AND_APPROVAL","UNASSIGNED: Product + G7 integration + data owner"
"FR-067","角色 AI 策略","role, shift, handoff and Driver Companion; contract: 系统必须按角色限制默认 Agent 模式、可读上下文、可调用工具、输出结构和审批能力；司机端只提供任务范围内的只读/结构化 Copilot，不显示 Agent 控制台或高风险工具。","workspace policy, shifts, locks, handoffs, driver commands/media/device sessions","assignment/asset/location REST SANDBOX-supported; media/broadcast REST unsupported with related messages available; no shift/device/offline scope","READ_WRITE","PRODUCT_WORKFLOW_G7_FACTS","WORKBENCH_INVENTORY_ONLY: asset, assignment and telemetry scopes are SANDBOX-supported; media/broadcast REST is unsupported, related message scopes exist, and no shift/device/offline-command scope was found. Target application ZHLDEMO is owner-confirmed. Its old credentials remain active for other systems and are prohibited for this project. Credentialless development may use only sanitized inventory, hashed public contracts and synthetic fixtures; signed request/response tests remain blocked pending a coordinated rotation and Harness Secret binding. Evidence: evidence/g7-public-api-catalog.json;evidence/g7-workbench-sandbox-inventory.json;evidence/g7-target-application-confirmation.json;evidence/g7-credential-dependency-decision.json.","COMPOSED_REUSE","G7-GAP-008","PROPOSED minimal workflow/offline ledger; approval pending","BLOCKED_PENDING_CONTRACT_AND_APPROVAL","UNASSIGNED: Product + G7 integration + data owner"
"FR-068","身份、替班与设备会话","role, shift, handoff and Driver Companion; contract: 系统必须支持自营/外协司机、临时替班、一人多角色和值班代理；设备会话只绑定当前有效身份和任务，换人/换车时轻量重新认证并保留前后责任边界。","workspace policy, shifts, locks, handoffs, driver commands/media/device sessions","assignment/asset/location REST SANDBOX-supported; media/broadcast REST unsupported with related messages available; no shift/device/offline scope","READ_WRITE","PRODUCT_WORKFLOW_G7_FACTS","WORKBENCH_INVENTORY_ONLY: asset, assignment and telemetry scopes are SANDBOX-supported; media/broadcast REST is unsupported, related message scopes exist, and no shift/device/offline-command scope was found. Target application ZHLDEMO is owner-confirmed. Its old credentials remain active for other systems and are prohibited for this project. Credentialless development may use only sanitized inventory, hashed public contracts and synthetic fixtures; signed request/response tests remain blocked pending a coordinated rotation and Harness Secret binding. Evidence: evidence/g7-public-api-catalog.json;evidence/g7-workbench-sandbox-inventory.json;evidence/g7-target-application-confirmation.json;evidence/g7-credential-dependency-decision.json.","COMPOSED_REUSE","G7-GAP-008","PROPOSED minimal workflow/offline ledger; approval pending","BLOCKED_PENDING_CONTRACT_AND_APPROVAL","UNASSIGNED: Product + G7 integration + data owner"
"FR-069","混合资产目录","mixed asset operations; contract: 系统必须分别管理车辆、挂车、非动力资产、车载设备和传感器，支持组织、标签、外部 ID、当前关系、历史关系和使用状态；不得用单一“车辆类型”字段承载不同资产生命周期。","vehicles, trailers, non-powered assets, devices, relations and availability","asset/vehicle/trailer/gateway/assignment scopes ACTIVE and SANDBOX-supported; release maturity unverified","READ","G7","WORKBENCH_INVENTORY_ONLY: relevant master-data and assignment read/write scopes are active and their SANDBOX REST endpoints are supported. Target application ZHLDEMO is owner-confirmed. Its old credentials remain active for other systems and are prohibited for this project. Credentialless development may use only sanitized inventory, hashed public contracts and synthetic fixtures; signed request/response tests remain blocked pending a coordinated rotation and Harness Secret binding. Evidence: evidence/g7-public-api-catalog.json;evidence/g7-workbench-sandbox-inventory.json;evidence/g7-target-application-confirmation.json;evidence/g7-credential-dependency-decision.json.","DIRECT_REUSE","NONE_PROVISIONAL","No duplicate asset master; candidate derived availability/defect extension","BLOCKED_PENDING_CONTRACT_AND_APPROVAL","UNASSIGNED: Product + G7 integration + data owner"
"FR-070","车辆运营总览","mixed asset operations; contract: 车队长和车务人员必须能按组织、班次、可用性、位置新鲜度、健康、检查、维护、证照和任务占用筛选车辆；每辆车必须展示当前运输、下一占用、阻塞原因和明确下一动作。","vehicles, trailers, non-powered assets, devices, relations and availability","asset/vehicle/trailer/gateway/assignment scopes ACTIVE and SANDBOX-supported; release maturity unverified","READ","G7","WORKBENCH_INVENTORY_ONLY: relevant master-data and assignment read/write scopes are active and their SANDBOX REST endpoints are supported. Target application ZHLDEMO is owner-confirmed. Its old credentials remain active for other systems and are prohibited for this project. Credentialless development may use only sanitized inventory, hashed public contracts and synthetic fixtures; signed request/response tests remain blocked pending a coordinated rotation and Harness Secret binding. Evidence: evidence/g7-public-api-catalog.json;evidence/g7-workbench-sandbox-inventory.json;evidence/g7-target-application-confirmation.json;evidence/g7-credential-dependency-decision.json.","COMPOSED_REUSE","G7-GAP-009","No duplicate asset master; candidate derived availability/defect extension","BLOCKED_PENDING_CONTRACT_AND_APPROVAL","UNASSIGNED: Product + G7 integration + data owner"
"FR-071","车辆检查与缺陷","inspection, defect, health and maintenance; contract: Driver Companion 和车务工作面必须支持班前、班后和专项检查，记录检查表版本、设备会话、里程/工时、图片、缺陷和司机声明；缺陷必须进入 待判断/限制运行/已转工单/已解决 状态，不得只作为附件归档。","inspection evidence, defect, health, work order, qualification and impact","asset/qualification/storage/telemetry scopes SANDBOX-supported; safety/media REST unsupported; no inspection/defect/maintenance scope found","READ_WRITE","G7_FACTS_PRODUCT_WORKFLOW","WORKBENCH_INVENTORY_ONLY: asset, qualification, storage and telemetry scopes are SANDBOX-supported; safety/media REST is unsupported and no inspection/defect/maintenance lifecycle scope was found. Target application ZHLDEMO is owner-confirmed. Its old credentials remain active for other systems and are prohibited for this project. Credentialless development may use only sanitized inventory, hashed public contracts and synthetic fixtures; signed request/response tests remain blocked pending a coordinated rotation and Harness Secret binding. Evidence: evidence/g7-public-api-catalog.json;evidence/g7-workbench-sandbox-inventory.json;evidence/g7-target-application-confirmation.json;evidence/g7-credential-dependency-decision.json.","COMPOSED_REUSE","G7-GAP-009","PROPOSED minimal work chain only after authenticated platform search","BLOCKED_PENDING_CONTRACT_AND_APPROVAL","UNASSIGNED: Product + G7 integration + data owner"
"FR-072","车辆健康与派车门禁","inspection, defect, health and maintenance; contract: 系统必须聚合故障码、检查缺陷、维护逾期、证照资格、安全限制和人工停驶，形成带来源、严重度和有效期的车辆可用性投影；派车前必须重新校验，警告与硬阻塞分开显示。","inspection evidence, defect, health, work order, qualification and impact","asset/qualification/storage/telemetry scopes SANDBOX-supported; safety/media REST unsupported; no inspection/defect/maintenance scope found","READ_WRITE","G7_FACTS_PRODUCT_WORKFLOW","WORKBENCH_INVENTORY_ONLY: asset, qualification, storage and telemetry scopes are SANDBOX-supported; safety/media REST is unsupported and no inspection/defect/maintenance lifecycle scope was found. Target application ZHLDEMO is owner-confirmed. Its old credentials remain active for other systems and are prohibited for this project. Credentialless development may use only sanitized inventory, hashed public contracts and synthetic fixtures; signed request/response tests remain blocked pending a coordinated rotation and Harness Secret binding. Evidence: evidence/g7-public-api-catalog.json;evidence/g7-workbench-sandbox-inventory.json;evidence/g7-target-application-confirmation.json;evidence/g7-credential-dependency-decision.json.","COMPOSED_REUSE","G7-GAP-009","PROPOSED minimal work chain only after authenticated platform search","BLOCKED_PENDING_CONTRACT_AND_APPROVAL","UNASSIGNED: Product + G7 integration + data owner"
"FR-073","保养计划与提醒","inspection, defect, health and maintenance; contract: 系统必须支持按时间、里程、发动机工时或其组合建立保养计划和提前阈值；提醒可批量分派、暂缓和转工单，暂缓必须记录理由、责任人和新的到期条件。","inspection evidence, defect, health, work order, qualification and impact","asset/qualification/storage/telemetry scopes SANDBOX-supported; safety/media REST unsupported; no inspection/defect/maintenance scope found","READ_WRITE","G7_FACTS_PRODUCT_WORKFLOW","WORKBENCH_INVENTORY_ONLY: asset, qualification, storage and telemetry scopes are SANDBOX-supported; safety/media REST is unsupported and no inspection/defect/maintenance lifecycle scope was found. Target application ZHLDEMO is owner-confirmed. Its old credentials remain active for other systems and are prohibited for this project. Credentialless development may use only sanitized inventory, hashed public contracts and synthetic fixtures; signed request/response tests remain blocked pending a coordinated rotation and Harness Secret binding. Evidence: evidence/g7-public-api-catalog.json;evidence/g7-workbench-sandbox-inventory.json;evidence/g7-target-application-confirmation.json;evidence/g7-credential-dependency-decision.json.","COMPOSED_REUSE","G7-GAP-009","PROPOSED minimal work chain only after authenticated platform search","BLOCKED_PENDING_CONTRACT_AND_APPROVAL","UNASSIGNED: Product + G7 integration + data owner"
"FR-074","维修工单生命周期","inspection, defect, health and maintenance; contract: 车务人员必须能从车辆、缺陷、故障或保养提醒创建维修工单，维护 待审批/已排程/维修中/待验收/已完成/取消 状态，并记录问题、原因、措施、服务任务、计划/实际时间、附件和停机影响。","inspection evidence, defect, health, work order, qualification and impact","asset/qualification/storage/telemetry scopes SANDBOX-supported; safety/media REST unsupported; no inspection/defect/maintenance scope found","READ_WRITE","G7_FACTS_PRODUCT_WORKFLOW","WORKBENCH_INVENTORY_ONLY: asset, qualification, storage and telemetry scopes are SANDBOX-supported; safety/media REST is unsupported and no inspection/defect/maintenance lifecycle scope was found. Target application ZHLDEMO is owner-confirmed. Its old credentials remain active for other systems and are prohibited for this project. Credentialless development may use only sanitized inventory, hashed public contracts and synthetic fixtures; signed request/response tests remain blocked pending a coordinated rotation and Harness Secret binding. Evidence: evidence/g7-public-api-catalog.json;evidence/g7-workbench-sandbox-inventory.json;evidence/g7-target-application-confirmation.json;evidence/g7-credential-dependency-decision.json.","COMPOSED_REUSE","G7-GAP-009","PROPOSED minimal work chain only after authenticated platform search","BLOCKED_PENDING_CONTRACT_AND_APPROVAL","UNASSIGNED: Product + G7 integration + data owner"
"FR-075","维修资源与成本","inspection, defect, health and maintenance; contract: 维修工单必须支持配件、库存地点、领用/退回、技师、人工工时、供应商、报价、保修和费用行；完工后成本进入车辆服务历史和经营语义层，不得覆盖来源票据。","inspection evidence, defect, health, work order, qualification and impact","asset/qualification/storage/telemetry scopes SANDBOX-supported; safety/media REST unsupported; no inspection/defect/maintenance scope found","READ_WRITE","G7_FACTS_PRODUCT_WORKFLOW","WORKBENCH_INVENTORY_ONLY: asset, qualification, storage and telemetry scopes are SANDBOX-supported; safety/media REST is unsupported and no inspection/defect/maintenance lifecycle scope was found. Target application ZHLDEMO is owner-confirmed. Its old credentials remain active for other systems and are prohibited for this project. Credentialless development may use only sanitized inventory, hashed public contracts and synthetic fixtures; signed request/response tests remain blocked pending a coordinated rotation and Harness Secret binding. Evidence: evidence/g7-public-api-catalog.json;evidence/g7-workbench-sandbox-inventory.json;evidence/g7-target-application-confirmation.json;evidence/g7-credential-dependency-decision.json.","COMPOSED_REUSE","G7-GAP-009","PROPOSED minimal work chain only after authenticated platform search","BLOCKED_PENDING_CONTRACT_AND_APPROVAL","UNASSIGNED: Product + G7 integration + data owner"
"FR-076","完工放行与运力重算","inspection, defect, health and maintenance; contract: 维修完成必须经过验收和可行驶确认，自动解决关联缺陷/提醒、重算下次保养、更新车辆可用性，并列出受影响班次和运输段；解除停驶属于受审计动作，高风险停驶/放行按 R3 复核。","inspection evidence, defect, health, work order, qualification and impact","asset/qualification/storage/telemetry scopes SANDBOX-supported; safety/media REST unsupported; no inspection/defect/maintenance scope found","READ_WRITE","G7_FACTS_PRODUCT_WORKFLOW","WORKBENCH_INVENTORY_ONLY: asset, qualification, storage and telemetry scopes are SANDBOX-supported; safety/media REST is unsupported and no inspection/defect/maintenance lifecycle scope was found. Target application ZHLDEMO is owner-confirmed. Its old credentials remain active for other systems and are prohibited for this project. Credentialless development may use only sanitized inventory, hashed public contracts and synthetic fixtures; signed request/response tests remain blocked pending a coordinated rotation and Harness Secret binding. Evidence: evidence/g7-public-api-catalog.json;evidence/g7-workbench-sandbox-inventory.json;evidence/g7-target-application-confirmation.json;evidence/g7-credential-dependency-decision.json.","COMPOSED_REUSE","G7-GAP-009","PROPOSED minimal work chain only after authenticated platform search","BLOCKED_PENDING_CONTRACT_AND_APPROVAL","UNASSIGNED: Product + G7 integration + data owner"
"FR-077","安全辅导与改善","inspection, defect, health and maintenance; contract: 系统必须将驾驶行为、视频、风险评分、历史干预、培训和复发情况组成司机安全档案；安全案件可生成辅导/培训任务，完成后跟踪确认、复发和改善结果，不以单次关闭替代效果验证。","inspection evidence, defect, health, work order, qualification and impact","asset/qualification/storage/telemetry scopes SANDBOX-supported; safety/media REST unsupported; no inspection/defect/maintenance scope found","READ_WRITE","G7_FACTS_PRODUCT_WORKFLOW","WORKBENCH_INVENTORY_ONLY: asset, qualification, storage and telemetry scopes are SANDBOX-supported; safety/media REST is unsupported and no inspection/defect/maintenance lifecycle scope was found. Target application ZHLDEMO is owner-confirmed. Its old credentials remain active for other systems and are prohibited for this project. Credentialless development may use only sanitized inventory, hashed public contracts and synthetic fixtures; signed request/response tests remain blocked pending a coordinated rotation and Harness Secret binding. Evidence: evidence/g7-public-api-catalog.json;evidence/g7-workbench-sandbox-inventory.json;evidence/g7-target-application-confirmation.json;evidence/g7-credential-dependency-decision.json.","COMPOSED_REUSE","G7-GAP-009","PROPOSED minimal work chain only after authenticated platform search","BLOCKED_PENDING_CONTRACT_AND_APPROVAL","UNASSIGNED: Product + G7 integration + data owner"
"FR-078","油能运营","fuel, energy and vehicle cost; contract: 系统必须按车辆、司机、运输段和时间展示油耗/电耗、怠速、加油/充电、里程和单位能耗，区分 G7/设备事实、卡交易、人工录入和推算值，并标注缺口与置信度。","telemetry, mileage, transactions, invoices and derived cost","vehicle telemetry/mileage/location scopes SANDBOX-supported; no fuel-card/invoice/cost scope found","READ","G7_AND_EXTERNAL_SOURCES","WORKBENCH_INVENTORY_ONLY: vehicle telemetry/mileage scopes are SANDBOX-supported; no fuel-card, invoice or vehicle-cost scope was found. Target application ZHLDEMO is owner-confirmed. Its old credentials remain active for other systems and are prohibited for this project. Credentialless development may use only sanitized inventory, hashed public contracts and synthetic fixtures; signed request/response tests remain blocked pending a coordinated rotation and Harness Secret binding. Evidence: evidence/g7-public-api-catalog.json;evidence/g7-workbench-sandbox-inventory.json;evidence/g7-target-application-confirmation.json;evidence/g7-credential-dependency-decision.json.","COMPOSED_REUSE","G7-GAP-010","PROPOSED source-separated evidence/projection; approval pending","BLOCKED_PENDING_CONTRACT_AND_APPROVAL","UNASSIGNED: Product + G7 integration + data owner"
"FR-079","油能与支出异常","fuel, energy and vehicle cost; contract: 系统必须识别位置与交易不一致、油箱变化与加油量不一致、异常频次、非任务时段消费和重复交易，将结果转为可调查案件；系统不得仅凭模型判断直接认定舞弊或冻结司机。","telemetry, mileage, transactions, invoices and derived cost","vehicle telemetry/mileage/location scopes SANDBOX-supported; no fuel-card/invoice/cost scope found","READ","G7_AND_EXTERNAL_SOURCES","WORKBENCH_INVENTORY_ONLY: vehicle telemetry/mileage scopes are SANDBOX-supported; no fuel-card, invoice or vehicle-cost scope was found. Target application ZHLDEMO is owner-confirmed. Its old credentials remain active for other systems and are prohibited for this project. Credentialless development may use only sanitized inventory, hashed public contracts and synthetic fixtures; signed request/response tests remain blocked pending a coordinated rotation and Harness Secret binding. Evidence: evidence/g7-public-api-catalog.json;evidence/g7-workbench-sandbox-inventory.json;evidence/g7-target-application-confirmation.json;evidence/g7-credential-dependency-decision.json.","COMPOSED_REUSE","G7-GAP-010","PROPOSED source-separated evidence/projection; approval pending","BLOCKED_PENDING_CONTRACT_AND_APPROVAL","UNASSIGNED: Product + G7 integration + data owner"
"FR-080","利用率与全生命周期成本","fuel, energy and vehicle cost; contract: 系统必须按车辆、车型、组织和线路计算利用率、空驶、停机、维修、油能、保险/证照和折旧等成本，显示口径、缺失数据和不可分摊项，并可下钻到订单、工单和原始凭证。","telemetry, mileage, transactions, invoices and derived cost","vehicle telemetry/mileage/location scopes SANDBOX-supported; no fuel-card/invoice/cost scope found","READ","G7_AND_EXTERNAL_SOURCES","WORKBENCH_INVENTORY_ONLY: vehicle telemetry/mileage scopes are SANDBOX-supported; no fuel-card, invoice or vehicle-cost scope was found. Target application ZHLDEMO is owner-confirmed. Its old credentials remain active for other systems and are prohibited for this project. Credentialless development may use only sanitized inventory, hashed public contracts and synthetic fixtures; signed request/response tests remain blocked pending a coordinated rotation and Harness Secret binding. Evidence: evidence/g7-public-api-catalog.json;evidence/g7-workbench-sandbox-inventory.json;evidence/g7-target-application-confirmation.json;evidence/g7-credential-dependency-decision.json.","COMPOSED_REUSE","G7-GAP-010","PROPOSED source-separated evidence/projection; approval pending","BLOCKED_PENDING_CONTRACT_AND_APPROVAL","UNASSIGNED: Product + G7 integration + data owner"
"FR-081","跨域影响传播","vehicle impact propagation; contract: 车辆被锁定、限制运行、停驶、进入维修或恢复可用时，系统必须重新计算关联派车、在途运输、未来班次、客户承诺和替代资源，生成有责任人和最晚处理时间的影响工作。","availability and affected shift/dispatch/order/customer commitments","asset/assignment/location scopes SANDBOX-supported; safety REST unsupported; no product impact-propagation scope found","READ","PRODUCT_DERIVED_FROM_G7_FACTS","WORKBENCH_INVENTORY_ONLY: asset, assignment and telemetry scopes are SANDBOX-supported; safety REST is unsupported and no product impact-propagation scope was found. Target application ZHLDEMO is owner-confirmed. Its old credentials remain active for other systems and are prohibited for this project. Credentialless development may use only sanitized inventory, hashed public contracts and synthetic fixtures; signed request/response tests remain blocked pending a coordinated rotation and Harness Secret binding. Evidence: evidence/g7-public-api-catalog.json;evidence/g7-workbench-sandbox-inventory.json;evidence/g7-target-application-confirmation.json;evidence/g7-credential-dependency-decision.json.","LOCAL_READ_PROJECTION","G7-GAP-003;G7-GAP-009","PROPOSED replayable impact projection; approval pending","BLOCKED_PENDING_CONTRACT_AND_APPROVAL","UNASSIGNED: Product + G7 integration + data owner"
"FR-082","车辆运营智能能力","vehicle Agent governance; contract: 系统必须提供车辆就绪检查、缺陷分诊、维修诊断、油能审计、安全调查和利用率分析等对象化智能能力；这些能力复用 AgentThread、Context Pack、Tool Registry、R0-R3 审批和写后回读，不得建立绕过业务服务的第二套 AI 写入通道。","vehicle context and controlled tools","No target-app Agent scope found; G7 facts only through Tool Registry","READ_WRITE","PRODUCT","WORKBENCH_INVENTORY_ONLY: no Agent, tool-governance, approval, Playbook or knowledge-lifecycle scope was found; G7 facts remain available only through product tools. Target application ZHLDEMO is owner-confirmed. Its old credentials remain active for other systems and are prohibited for this project. Credentialless development may use only sanitized inventory, hashed public contracts and synthetic fixtures; signed request/response tests remain blocked pending a coordinated rotation and Harness Secret binding. Evidence: evidence/g7-public-api-catalog.json;evidence/g7-workbench-sandbox-inventory.json;evidence/g7-target-application-confirmation.json;evidence/g7-credential-dependency-decision.json.","LOCAL_GAP_IMPLEMENTATION","G7-GAP-004","Reuse common Agent runtime; no separate vehicle Agent service","APPROVED_LOCAL_DESIGN_TEST_REVIEW_ONLY; EXECUTION_BLOCKED_PENDING_SIGNED_SANDBOX_AND_NAMED_ACTIVATION_REVIEW","周贺龙: LOCAL_DESIGN_TEST_REVIEW_2026-08-25; ACTIVATION_REVIEWER_UNASSIGNED"
