requirement_id,outcome,release_slice,work_item,design_ref,code_ref,test_ref,harness_gate,evidence_ref,status,owner
"RQ-001","产品是可直接办公的完整物流运输管理系统，不是概念展板或 AI 演示页","Foundation 0 / cross-release constraint","Existing EP/US mappings in PRD and stories","_bmad-output/planning-artifacts/change-control/requirements-ledger-2026-08-22.md;PRD;architecture;EXPERIENCE;DESIGN","NOT_STARTED_PRODUCT_DESIGN_GATES_BLOCKED","Mapped through FR/NFR/US/TEST rows","Product Gate","asset-verification.csv;traceability.csv","PRESERVED_GATES_BLOCKED","Product owner"
"RQ-002","运输闭环覆盖订单、配载、调度、在途、异常、回单、结算与经营分析","Foundation 0 / cross-release constraint","Existing EP/US mappings in PRD and stories","_bmad-output/planning-artifacts/change-control/requirements-ledger-2026-08-22.md;PRD;architecture;EXPERIENCE;DESIGN","NOT_STARTED_PRODUCT_DESIGN_GATES_BLOCKED","Mapped through FR/NFR/US/TEST rows","Product Gate","asset-verification.csv;traceability.csv","PRESERVED_GATES_BLOCKED","Product owner"
"RQ-003","管车覆盖资产、实时位置、安全、检查、健康、维修、证照、司机、油能和成本","Foundation 0 / cross-release constraint","Existing EP/US mappings in PRD and stories","_bmad-output/planning-artifacts/change-control/requirements-ledger-2026-08-22.md;PRD;architecture;EXPERIENCE;DESIGN","NOT_STARTED_PRODUCT_DESIGN_GATES_BLOCKED","Mapped through FR/NFR/US/TEST rows","Product Gate","asset-verification.csv;traceability.csv","PRESERVED_GATES_BLOCKED","Product owner"
"RQ-004","物流老板、车队长、运营管理者、物流专员、调度、司机六类角色都能完成工作","Foundation 0 / cross-release constraint","Existing EP/US mappings in PRD and stories","_bmad-output/planning-artifacts/change-control/requirements-ledger-2026-08-22.md;PRD;architecture;EXPERIENCE;DESIGN","NOT_STARTED_PRODUCT_DESIGN_GATES_BLOCKED","Mapped through FR/NFR/US/TEST rows","Product Gate","asset-verification.csv;traceability.csv","PRESERVED_GATES_BLOCKED","Product owner"
"RQ-005","司机使用独立 Driver Companion，支持弱网、异常、回单和行驶安全模式","Foundation 0 / cross-release constraint","Existing EP/US mappings in PRD and stories","_bmad-output/planning-artifacts/change-control/requirements-ledger-2026-08-22.md;PRD;architecture;EXPERIENCE;DESIGN","NOT_STARTED_PRODUCT_DESIGN_GATES_BLOCKED","Mapped through FR/NFR/US/TEST rows","Product Gate","asset-verification.csv;traceability.csv","PRESERVED_GATES_BLOCKED","Product owner"
"RQ-006","全部业务界面和动作使用中文，保留必要的 G7、编码和车牌","Foundation 0 / cross-release constraint","Existing EP/US mappings in PRD and stories","_bmad-output/planning-artifacts/change-control/requirements-ledger-2026-08-22.md;PRD;architecture;EXPERIENCE;DESIGN","NOT_STARTED_PRODUCT_DESIGN_GATES_BLOCKED","Mapped through FR/NFR/US/TEST rows","Product Gate","asset-verification.csv;traceability.csv","PRESERVED_GATES_BLOCKED","Product owner"
"RQ-007","交互参考 Codex 的稳定工作区、持久线程、上下文、进度、审批、恢复和结果验证","Foundation 0 / cross-release constraint","Existing EP/US mappings in PRD and stories","_bmad-output/planning-artifacts/change-control/requirements-ledger-2026-08-22.md;PRD;architecture;EXPERIENCE;DESIGN","NOT_STARTED_PRODUCT_DESIGN_GATES_BLOCKED","Mapped through FR/NFR/US/TEST rows","Product Gate","asset-verification.csv;traceability.csv","PRESERVED_GATES_BLOCKED","Product owner"
"RQ-008","AI 不是旁边的聊天框；它要能调查、计划、起草、请求批准、调用工具和回读结果","Foundation 0 / cross-release constraint","Existing EP/US mappings in PRD and stories","_bmad-output/planning-artifacts/change-control/requirements-ledger-2026-08-22.md;PRD;architecture;EXPERIENCE;DESIGN","NOT_STARTED_PRODUCT_DESIGN_GATES_BLOCKED","Mapped through FR/NFR/US/TEST rows","Product Gate","asset-verification.csv;traceability.csv","PRESERVED_GATES_BLOCKED","Product owner"
"RQ-009","AI 不暴露隐藏推理文本，只展示证据计划、来源、事实、冲突、未知、动作和结果","Foundation 0 / cross-release constraint","Existing EP/US mappings in PRD and stories","_bmad-output/planning-artifacts/change-control/requirements-ledger-2026-08-22.md;PRD;architecture;EXPERIENCE;DESIGN","NOT_STARTED_PRODUCT_DESIGN_GATES_BLOCKED","Mapped through FR/NFR/US/TEST rows","Product Gate","asset-verification.csv;traceability.csv","PRESERVED_GATES_BLOCKED","Product owner"
"RQ-010","AI 写操作分级：只读、草稿、外部写入、停驶/敏感操作；高风险必须复核","Foundation 0 / cross-release constraint","Existing EP/US mappings in PRD and stories","_bmad-output/planning-artifacts/change-control/requirements-ledger-2026-08-22.md;PRD;architecture;EXPERIENCE;DESIGN","NOT_STARTED_PRODUCT_DESIGN_GATES_BLOCKED","Mapped through FR/NFR/US/TEST rows","Product Gate","asset-verification.csv;traceability.csv","PRESERVED_GATES_BLOCKED","Product owner"
"RQ-011","G7 是底层管车事实与原子能力平台，产品不重复定义稳定对象与平台治理","Foundation 0 / cross-release constraint","Existing EP/US mappings in PRD and stories","_bmad-output/planning-artifacts/change-control/requirements-ledger-2026-08-22.md;PRD;architecture;EXPERIENCE;DESIGN","NOT_STARTED_PRODUCT_DESIGN_GATES_BLOCKED","Mapped through FR/NFR/US/TEST rows","Product Gate","asset-verification.csv;traceability.csv","PRESERVED_GATES_BLOCKED","Product owner"
"RQ-012","平台管主数据、统一模型、原子能力和治理；产品管场景编排、体验、聚合和差异","Foundation 0 / cross-release constraint","Existing EP/US mappings in PRD and stories","_bmad-output/planning-artifacts/change-control/requirements-ledger-2026-08-22.md;PRD;architecture;EXPERIENCE;DESIGN","NOT_STARTED_PRODUCT_DESIGN_GATES_BLOCKED","Mapped through FR/NFR/US/TEST rows","Product Gate","asset-verification.csv;traceability.csv","PRESERVED_GATES_BLOCKED","Product owner"
"RQ-013","运行时数据按 Snapshot / History / Feed 分层，所有事实标明发生、接收与新鲜度","Foundation 0 / cross-release constraint","Existing EP/US mappings in PRD and stories","_bmad-output/planning-artifacts/change-control/requirements-ledger-2026-08-22.md;PRD;architecture;EXPERIENCE;DESIGN","NOT_STARTED_PRODUCT_DESIGN_GATES_BLOCKED","Mapped through FR/NFR/US/TEST rows","Product Gate","asset-verification.csv;traceability.csv","PRESERVED_GATES_BLOCKED","Product owner"
"RQ-014","G7 外部写入必须幂等、可恢复并写后回读；不能伪造同步成功","Foundation 0 / cross-release constraint","Existing EP/US mappings in PRD and stories","_bmad-output/planning-artifacts/change-control/requirements-ledger-2026-08-22.md;PRD;architecture;EXPERIENCE;DESIGN","NOT_STARTED_PRODUCT_DESIGN_GATES_BLOCKED","Mapped through FR/NFR/US/TEST rows","Product Gate","asset-verification.csv;traceability.csv","PRESERVED_GATES_BLOCKED","Product owner"
"RQ-015","参考优秀 TMS，但不照搬传统菜单式 SaaS；生命周期清晰且具体可操作","Foundation 0 / cross-release constraint","Existing EP/US mappings in PRD and stories","_bmad-output/planning-artifacts/change-control/requirements-ledger-2026-08-22.md;PRD;architecture;EXPERIENCE;DESIGN","NOT_STARTED_PRODUCT_DESIGN_GATES_BLOCKED","Mapped through FR/NFR/US/TEST rows","Product Gate","asset-verification.csv;traceability.csv","PRESERVED_GATES_BLOCKED","Product owner"
"RQ-016","参考优秀管车系统，但车辆能力必须嵌入运输决策，不形成第二座信息孤岛","Foundation 0 / cross-release constraint","Existing EP/US mappings in PRD and stories","_bmad-output/planning-artifacts/change-control/requirements-ledger-2026-08-22.md;PRD;architecture;EXPERIENCE;DESIGN","NOT_STARTED_PRODUCT_DESIGN_GATES_BLOCKED","Mapped through FR/NFR/US/TEST rows","Product Gate","asset-verification.csv;traceability.csv","PRESERVED_GATES_BLOCKED","Product owner"
"RQ-017","高频办公以队列、筛选、表格、批量动作和对象上下文为主，地图用于空间证据","Foundation 0 / cross-release constraint","Existing EP/US mappings in PRD and stories","_bmad-output/planning-artifacts/change-control/requirements-ledger-2026-08-22.md;PRD;architecture;EXPERIENCE;DESIGN","NOT_STARTED_PRODUCT_DESIGN_GATES_BLOCKED","Mapped through FR/NFR/US/TEST rows","Product Gate","asset-verification.csv;traceability.csv","PRESERVED_GATES_BLOCKED","Product owner"
"RQ-018","不使用抽象的 Analyst/Planner/Operator 模式让业务用户猜；动作随场景出现","Foundation 0 / cross-release constraint","Existing EP/US mappings in PRD and stories","_bmad-output/planning-artifacts/change-control/requirements-ledger-2026-08-22.md;PRD;architecture;EXPERIENCE;DESIGN","NOT_STARTED_PRODUCT_DESIGN_GATES_BLOCKED","Mapped through FR/NFR/US/TEST rows","Product Gate","asset-verification.csv;traceability.csv","PRESERVED_GATES_BLOCKED","Product owner"
"RQ-019","一个对象可在摘要、节点/轨迹、健康、工作、费用、凭证、日志之间切换","Foundation 0 / cross-release constraint","Existing EP/US mappings in PRD and stories","_bmad-output/planning-artifacts/change-control/requirements-ledger-2026-08-22.md;PRD;architecture;EXPERIENCE;DESIGN","NOT_STARTED_PRODUCT_DESIGN_GATES_BLOCKED","Mapped through FR/NFR/US/TEST rows","Product Gate","asset-verification.csv;traceability.csv","PRESERVED_GATES_BLOCKED","Product owner"
"RQ-020","任何告警必须能转成有责任人、时限、证据和结果的工作","Foundation 0 / cross-release constraint","Existing EP/US mappings in PRD and stories","_bmad-output/planning-artifacts/change-control/requirements-ledger-2026-08-22.md;PRD;architecture;EXPERIENCE;DESIGN","NOT_STARTED_PRODUCT_DESIGN_GATES_BLOCKED","Mapped through FR/NFR/US/TEST rows","Product Gate","asset-verification.csv;traceability.csv","PRESERVED_GATES_BLOCKED","Product owner"
"RQ-021","维护必须形成缺陷/提醒 -> 工单 -> 配件/人工 -> 完工 -> 车辆可用 -> 运力重算闭环","Foundation 0 / cross-release constraint","Existing EP/US mappings in PRD and stories","_bmad-output/planning-artifacts/change-control/requirements-ledger-2026-08-22.md;PRD;architecture;EXPERIENCE;DESIGN","NOT_STARTED_PRODUCT_DESIGN_GATES_BLOCKED","Mapped through FR/NFR/US/TEST rows","Product Gate","asset-verification.csv;traceability.csv","PRESERVED_GATES_BLOCKED","Product owner"
"RQ-022","油能和支出必须进入单车、单票、线路、客户成本，并能识别疑似异常","Foundation 0 / cross-release constraint","Existing EP/US mappings in PRD and stories","_bmad-output/planning-artifacts/change-control/requirements-ledger-2026-08-22.md;PRD;architecture;EXPERIENCE;DESIGN","NOT_STARTED_PRODUCT_DESIGN_GATES_BLOCKED","Mapped through FR/NFR/US/TEST rows","Product Gate","asset-verification.csv;traceability.csv","PRESERVED_GATES_BLOCKED","Product owner"
"RQ-023","车辆、挂车、非动力资产、设备分别建模，通过关系连接","Foundation 0 / cross-release constraint","Existing EP/US mappings in PRD and stories","_bmad-output/planning-artifacts/change-control/requirements-ledger-2026-08-22.md;PRD;architecture;EXPERIENCE;DESIGN","NOT_STARTED_PRODUCT_DESIGN_GATES_BLOCKED","Mapped through FR/NFR/US/TEST rows","Product Gate","asset-verification.csv;traceability.csv","PRESERVED_GATES_BLOCKED","Product owner"
"RQ-024","派车前同时校验位置、车型、容量、资格、工时、车辆健康、检查和维护占用","Foundation 0 / cross-release constraint","Existing EP/US mappings in PRD and stories","_bmad-output/planning-artifacts/change-control/requirements-ledger-2026-08-22.md;PRD;architecture;EXPERIENCE;DESIGN","NOT_STARTED_PRODUCT_DESIGN_GATES_BLOCKED","Mapped through FR/NFR/US/TEST rows","Product Gate","asset-verification.csv;traceability.csv","PRESERVED_GATES_BLOCKED","Product owner"
"RQ-025","管理层能从经营指标下钻到订单、车辆、司机、异常、维护和费用证据","Foundation 0 / cross-release constraint","Existing EP/US mappings in PRD and stories","_bmad-output/planning-artifacts/change-control/requirements-ledger-2026-08-22.md;PRD;architecture;EXPERIENCE;DESIGN","NOT_STARTED_PRODUCT_DESIGN_GATES_BLOCKED","Mapped through FR/NFR/US/TEST rows","Product Gate","asset-verification.csv;traceability.csv","PRESERVED_GATES_BLOCKED","Product owner"
"RQ-026","原型必须有真实列表、筛选、批量动作、状态、详情、审批、失败和恢复交互","Foundation 0 / cross-release constraint","Existing EP/US mappings in PRD and stories","_bmad-output/planning-artifacts/change-control/requirements-ledger-2026-08-22.md;PRD;architecture;EXPERIENCE;DESIGN","NOT_STARTED_PRODUCT_DESIGN_GATES_BLOCKED","Mapped through FR/NFR/US/TEST rows","Product Gate","asset-verification.csv;traceability.csv","PRESERVED_GATES_BLOCKED","Product owner"
"RQ-027","页面不使用营销式 Hero、装饰卡片和大面积渐变；信息密度适合重复办公","Foundation 0 / cross-release constraint","Existing EP/US mappings in PRD and stories","_bmad-output/planning-artifacts/change-control/requirements-ledger-2026-08-22.md;PRD;architecture;EXPERIENCE;DESIGN","NOT_STARTED_PRODUCT_DESIGN_GATES_BLOCKED","Mapped through FR/NFR/US/TEST rows","Product Gate","asset-verification.csv;traceability.csv","PRESERVED_GATES_BLOCKED","Product owner"
"RQ-028","角色切换改变默认首页、字段和动作，但不能扩大权限","Foundation 0 / cross-release constraint","Existing EP/US mappings in PRD and stories","_bmad-output/planning-artifacts/change-control/requirements-ledger-2026-08-22.md;PRD;architecture;EXPERIENCE;DESIGN","NOT_STARTED_PRODUCT_DESIGN_GATES_BLOCKED","Mapped through FR/NFR/US/TEST rows","Product Gate","asset-verification.csv;traceability.csv","PRESERVED_GATES_BLOCKED","Product owner"
"RQ-029","安全、隐私、审计、租户隔离、弱网和并发资源锁属于产品能力，不是后补技术项","Foundation 0 / cross-release constraint","Existing EP/US mappings in PRD and stories","_bmad-output/planning-artifacts/change-control/requirements-ledger-2026-08-22.md;PRD;architecture;EXPERIENCE;DESIGN","NOT_STARTED_PRODUCT_DESIGN_GATES_BLOCKED","Mapped through FR/NFR/US/TEST rows","Product Gate","asset-verification.csv;traceability.csv","PRESERVED_GATES_BLOCKED","Product owner"
"RQ-030","所有产品文档、架构、Epic 和主原型必须指向同一能力范围","Foundation 0 / cross-release constraint","Existing EP/US mappings in PRD and stories","_bmad-output/planning-artifacts/change-control/requirements-ledger-2026-08-22.md;PRD;architecture;EXPERIENCE;DESIGN","NOT_STARTED_PRODUCT_DESIGN_GATES_BLOCKED","Mapped through FR/NFR/US/TEST rows","Product Gate","asset-verification.csv;traceability.csv","PRESERVED_GATES_BLOCKED","Product owner"
"RQ-031","至少 100 个跨产品、跨角色的 TMS/SaaS 有效问题必须逐条保留证据、根因、整改与验收信号","Foundation 0 / cross-release constraint","Existing EP/US mappings in PRD and stories","_bmad-output/planning-artifacts/change-control/requirements-ledger-2026-08-22.md;PRD;architecture;EXPERIENCE;DESIGN","NOT_STARTED_PRODUCT_DESIGN_GATES_BLOCKED","Mapped through FR/NFR/US/TEST rows","Product Gate","asset-verification.csv;traceability.csv","PRESERVED_GATES_BLOCKED","Product owner"
"RQ-032","六角色默认首页以今日任务、风险和待审批组织，不以统一 KPI 或模块菜单要求用户理解系统","Foundation 0 / cross-release constraint","Existing EP/US mappings in PRD and stories","_bmad-output/planning-artifacts/change-control/requirements-ledger-2026-08-22.md;PRD;architecture;EXPERIENCE;DESIGN","NOT_STARTED_PRODUCT_DESIGN_GATES_BLOCKED","Mapped through FR/NFR/US/TEST rows","Product Gate","asset-verification.csv;traceability.csv","PRESERVED_GATES_BLOCKED","Product owner"
"RQ-033","高频队列必须具备搜索、组合筛选、保存视图、批量动作、列配置和部分成功重试","Foundation 0 / cross-release constraint","Existing EP/US mappings in PRD and stories","_bmad-output/planning-artifacts/change-control/requirements-ledger-2026-08-22.md;PRD;architecture;EXPERIENCE;DESIGN","NOT_STARTED_PRODUCT_DESIGN_GATES_BLOCKED","Mapped through FR/NFR/US/TEST rows","Product Gate","asset-verification.csv;traceability.csv","PRESERVED_GATES_BLOCKED","Product owner"
"RQ-034","所有动态事实显示来源、发生/接收时间和新鲜度；陈旧或冲突数据不得表达为正常","Foundation 0 / cross-release constraint","Existing EP/US mappings in PRD and stories","_bmad-output/planning-artifacts/change-control/requirements-ledger-2026-08-22.md;PRD;architecture;EXPERIENCE;DESIGN","NOT_STARTED_PRODUCT_DESIGN_GATES_BLOCKED","Mapped through FR/NFR/US/TEST rows","Product Gate","asset-verification.csv;traceability.csv","PRESERVED_GATES_BLOCKED","Product owner"
"RQ-035","地图采用“对象清单 + 空间证据 + 业务详情”双向联动，可搜索、筛选、聚焦并直接处置","Foundation 0 / cross-release constraint","Existing EP/US mappings in PRD and stories","_bmad-output/planning-artifacts/change-control/requirements-ledger-2026-08-22.md;PRD;architecture;EXPERIENCE;DESIGN","NOT_STARTED_PRODUCT_DESIGN_GATES_BLOCKED","Mapped through FR/NFR/US/TEST rows","Product Gate","asset-verification.csv;traceability.csv","PRESERVED_GATES_BLOCKED","Product owner"
"RQ-036","地图 SDK、网络或鉴权失败时仍保留文字位置、对象清单和处置入口","Foundation 0 / cross-release constraint","Existing EP/US mappings in PRD and stories","_bmad-output/planning-artifacts/change-control/requirements-ledger-2026-08-22.md;PRD;architecture;EXPERIENCE;DESIGN","NOT_STARTED_PRODUCT_DESIGN_GATES_BLOCKED","Mapped through FR/NFR/US/TEST rows","Product Gate","asset-verification.csv;traceability.csv","PRESERVED_GATES_BLOCKED","Product owner"
"RQ-037","导入、同步和批量写入必须预检、逐项反馈、仅重试失败项并保留幂等与回读","Foundation 0 / cross-release constraint","Existing EP/US mappings in PRD and stories","_bmad-output/planning-artifacts/change-control/requirements-ledger-2026-08-22.md;PRD;architecture;EXPERIENCE;DESIGN","NOT_STARTED_PRODUCT_DESIGN_GATES_BLOCKED","Mapped through FR/NFR/US/TEST rows","Product Gate","asset-verification.csv;traceability.csv","PRESERVED_GATES_BLOCKED","Product owner"
"RQ-038","司机端支持弱网离线队列、补传冲突和行驶安全模式，核心任务不依赖持续网络","Foundation 0 / cross-release constraint","Existing EP/US mappings in PRD and stories","_bmad-output/planning-artifacts/change-control/requirements-ledger-2026-08-22.md;PRD;architecture;EXPERIENCE;DESIGN","NOT_STARTED_PRODUCT_DESIGN_GATES_BLOCKED","Mapped through FR/NFR/US/TEST rows","Product Gate","asset-verification.csv;traceability.csv","PRESERVED_GATES_BLOCKED","Product owner"
"RQ-039","AI 必须按“作用域-证据计划-工具-审批-执行-回读-恢复”完成工作，不能以建议文本冒充完成","Foundation 0 / cross-release constraint","Existing EP/US mappings in PRD and stories","_bmad-output/planning-artifacts/change-control/requirements-ledger-2026-08-22.md;PRD;architecture;EXPERIENCE;DESIGN","NOT_STARTED_PRODUCT_DESIGN_GATES_BLOCKED","Mapped through FR/NFR/US/TEST rows","Product Gate","asset-verification.csv;traceability.csv","PRESERVED_GATES_BLOCKED","Product owner"
"RQ-040","生产地图密钥不得以静态原型方式交付，应使用安全密钥/代理、白名单与轮换","Foundation 0 / cross-release constraint","Existing EP/US mappings in PRD and stories","_bmad-output/planning-artifacts/change-control/requirements-ledger-2026-08-22.md;PRD;architecture;EXPERIENCE;DESIGN","NOT_STARTED_PRODUCT_DESIGN_GATES_BLOCKED","Mapped through FR/NFR/US/TEST rows","Product Gate","asset-verification.csv;traceability.csv","PRESERVED_GATES_BLOCKED","Product owner"
"RQ-041","每项能力、对象、字段和动作开发前必须先检索并验证 G7 开发者平台；已有能力直接复用，可组合能力优先编排","Foundation 0 / cross-release constraint","Existing EP/US mappings in PRD and stories","_bmad-output/planning-artifacts/change-control/requirements-ledger-2026-08-22.md;PRD;architecture;EXPERIENCE;DESIGN","NOT_STARTED_PRODUCT_DESIGN_GATES_BLOCKED","Mapped through FR/NFR/US/TEST rows","Product Gate","asset-verification.csv;traceability.csv","PRESERVED_GATES_BLOCKED","Product owner"
"RQ-042","G7 已有数据保持平台真相所有权；本地仅允许必要读投影或最小扩展，不得复制整套对象生命周期","Foundation 0 / cross-release constraint","Existing EP/US mappings in PRD and stories","_bmad-output/planning-artifacts/change-control/requirements-ledger-2026-08-22.md;PRD;architecture;EXPERIENCE;DESIGN","NOT_STARTED_PRODUCT_DESIGN_GATES_BLOCKED","Mapped through FR/NFR/US/TEST rows","Product Gate","asset-verification.csv;traceability.csv","PRESERVED_GATES_BLOCKED","Product owner"
"RQ-043","只有平台无对应能力/数据或经证据证明不能满足目标时才允许本地实现；每个本地表、状态机或服务必须关联已批准的 G7-GAP 与 ADR","Foundation 0 / cross-release constraint","Existing EP/US mappings in PRD and stories","_bmad-output/planning-artifacts/change-control/requirements-ledger-2026-08-22.md;PRD;architecture;EXPERIENCE;DESIGN","NOT_STARTED_PRODUCT_DESIGN_GATES_BLOCKED","Mapped through FR/NFR/US/TEST rows","Product Gate","asset-verification.csv;traceability.csv","PRESERVED_GATES_BLOCKED","Product owner"
"RQ-044","开发、测试和预生产默认只用 G7 SANDBOX；PROD 凭据必须存入 Secret Manager，并在 Acceptance Gate 与人工批准后才可绑定","Foundation 0 / cross-release constraint","Existing EP/US mappings in PRD and stories","_bmad-output/planning-artifacts/change-control/requirements-ledger-2026-08-22.md;PRD;architecture;EXPERIENCE;DESIGN","NOT_STARTED_PRODUCT_DESIGN_GATES_BLOCKED","Mapped through FR/NFR/US/TEST rows","Product Gate","asset-verification.csv;traceability.csv","PRESERVED_GATES_BLOCKED","Product owner"
"UJ-001","车队经理开始一天","V1-A","End-to-end journey; must not be reduced to page CRUD","_bmad-output/planning-artifacts/prds/prd-fleet-office-2026-08-20/prd.md;_bmad-output/planning-artifacts/ux-designs/ux-fleet-office-2026-08-20/EXPERIENCE.md","NOT_STARTED_PRODUCT_DESIGN_GATES_BLOCKED","UJ E2E mapping required before Acceptance Gate","Acceptance Gate","traceability.csv;delivery-plan.md","PLANNED_NOT_IMPLEMENTED","Product + QA"
"UJ-002","调度员完成派车","V1-A","End-to-end journey; must not be reduced to page CRUD","_bmad-output/planning-artifacts/prds/prd-fleet-office-2026-08-20/prd.md;_bmad-output/planning-artifacts/ux-designs/ux-fleet-office-2026-08-20/EXPERIENCE.md","NOT_STARTED_PRODUCT_DESIGN_GATES_BLOCKED","UJ E2E mapping required before Acceptance Gate","Acceptance Gate","traceability.csv;delivery-plan.md","PLANNED_NOT_IMPLEMENTED","Product + QA"
"UJ-003","安全员闭环风险","V1-C","End-to-end journey; must not be reduced to page CRUD","_bmad-output/planning-artifacts/prds/prd-fleet-office-2026-08-20/prd.md;_bmad-output/planning-artifacts/ux-designs/ux-fleet-office-2026-08-20/EXPERIENCE.md","NOT_STARTED_PRODUCT_DESIGN_GATES_BLOCKED","UJ E2E mapping required before Acceptance Gate","Acceptance Gate","traceability.csv;delivery-plan.md","PLANNED_NOT_IMPLEMENTED","Product + QA"
"UJ-004","车务人员处理到期","V1-B","End-to-end journey; must not be reduced to page CRUD","_bmad-output/planning-artifacts/prds/prd-fleet-office-2026-08-20/prd.md;_bmad-output/planning-artifacts/ux-designs/ux-fleet-office-2026-08-20/EXPERIENCE.md","NOT_STARTED_PRODUCT_DESIGN_GATES_BLOCKED","UJ E2E mapping required before Acceptance Gate","Acceptance Gate","traceability.csv;delivery-plan.md","PLANNED_NOT_IMPLEMENTED","Product + QA"
"UJ-005","调度员用 Agent 恢复异常","V1-C","End-to-end journey; must not be reduced to page CRUD","_bmad-output/planning-artifacts/prds/prd-fleet-office-2026-08-20/prd.md;_bmad-output/planning-artifacts/ux-designs/ux-fleet-office-2026-08-20/EXPERIENCE.md","NOT_STARTED_PRODUCT_DESIGN_GATES_BLOCKED","UJ E2E mapping required before Acceptance Gate","Acceptance Gate","traceability.csv;delivery-plan.md","PLANNED_NOT_IMPLEMENTED","Product + QA"
"UJ-006","客服与财务完成订单闭环","V1-A","End-to-end journey; must not be reduced to page CRUD","_bmad-output/planning-artifacts/prds/prd-fleet-office-2026-08-20/prd.md;_bmad-output/planning-artifacts/ux-designs/ux-fleet-office-2026-08-20/EXPERIENCE.md","NOT_STARTED_PRODUCT_DESIGN_GATES_BLOCKED","UJ E2E mapping required before Acceptance Gate","Acceptance Gate","traceability.csv;delivery-plan.md","PLANNED_NOT_IMPLEMENTED","Product + QA"
"UJ-007","经理完成晨间决策","V1-C","End-to-end journey; must not be reduced to page CRUD","_bmad-output/planning-artifacts/prds/prd-fleet-office-2026-08-20/prd.md;_bmad-output/planning-artifacts/ux-designs/ux-fleet-office-2026-08-20/EXPERIENCE.md","NOT_STARTED_PRODUCT_DESIGN_GATES_BLOCKED","UJ E2E mapping required before Acceptance Gate","Acceptance Gate","traceability.csv;delivery-plan.md","PLANNED_NOT_IMPLEMENTED","Product + QA"
"UJ-008","安全与车务联合控制风险","V1-B","End-to-end journey; must not be reduced to page CRUD","_bmad-output/planning-artifacts/prds/prd-fleet-office-2026-08-20/prd.md;_bmad-output/planning-artifacts/ux-designs/ux-fleet-office-2026-08-20/EXPERIENCE.md","NOT_STARTED_PRODUCT_DESIGN_GATES_BLOCKED","UJ E2E mapping required before Acceptance Gate","Acceptance Gate","traceability.csv;delivery-plan.md","PLANNED_NOT_IMPLEMENTED","Product + QA"
"UJ-009","运营管理员发布自动化","V1.5","End-to-end journey; must not be reduced to page CRUD","_bmad-output/planning-artifacts/prds/prd-fleet-office-2026-08-20/prd.md;_bmad-output/planning-artifacts/ux-designs/ux-fleet-office-2026-08-20/EXPERIENCE.md","NOT_STARTED_PRODUCT_DESIGN_GATES_BLOCKED","UJ E2E mapping required before Acceptance Gate","Acceptance Gate","traceability.csv;delivery-plan.md","PLANNED_NOT_IMPLEMENTED","Product + QA"
"UJ-010","管理层追问经营变化","V2","End-to-end journey; must not be reduced to page CRUD","_bmad-output/planning-artifacts/prds/prd-fleet-office-2026-08-20/prd.md;_bmad-output/planning-artifacts/ux-designs/ux-fleet-office-2026-08-20/EXPERIENCE.md","NOT_STARTED_PRODUCT_DESIGN_GATES_BLOCKED","UJ E2E mapping required before Acceptance Gate","Acceptance Gate","traceability.csv;delivery-plan.md","PLANNED_NOT_IMPLEMENTED","Product + QA"
"UJ-011","物流老板确认经营动作","V1-B","End-to-end journey; must not be reduced to page CRUD","_bmad-output/planning-artifacts/prds/prd-fleet-office-2026-08-20/prd.md;_bmad-output/planning-artifacts/ux-designs/ux-fleet-office-2026-08-20/EXPERIENCE.md","NOT_STARTED_PRODUCT_DESIGN_GATES_BLOCKED","UJ E2E mapping required before Acceptance Gate","Acceptance Gate","traceability.csv;delivery-plan.md","PLANNED_NOT_IMPLEMENTED","Product + QA"
"UJ-012","车队长完成班前就绪与交接","V1-B","End-to-end journey; must not be reduced to page CRUD","_bmad-output/planning-artifacts/prds/prd-fleet-office-2026-08-20/prd.md;_bmad-output/planning-artifacts/ux-designs/ux-fleet-office-2026-08-20/EXPERIENCE.md","NOT_STARTED_PRODUCT_DESIGN_GATES_BLOCKED","UJ E2E mapping required before Acceptance Gate","Acceptance Gate","traceability.csv;delivery-plan.md","PLANNED_NOT_IMPLEMENTED","Product + QA"
"UJ-013","物流专员清空履约工作箱","V1-B","End-to-end journey; must not be reduced to page CRUD","_bmad-output/planning-artifacts/prds/prd-fleet-office-2026-08-20/prd.md;_bmad-output/planning-artifacts/ux-designs/ux-fleet-office-2026-08-20/EXPERIENCE.md","NOT_STARTED_PRODUCT_DESIGN_GATES_BLOCKED","UJ E2E mapping required before Acceptance Gate","Acceptance Gate","traceability.csv;delivery-plan.md","PLANNED_NOT_IMPLEMENTED","Product + QA"
"UJ-014","调度员在排程板发布班次","V1-A","End-to-end journey; must not be reduced to page CRUD","_bmad-output/planning-artifacts/prds/prd-fleet-office-2026-08-20/prd.md;_bmad-output/planning-artifacts/ux-designs/ux-fleet-office-2026-08-20/EXPERIENCE.md","NOT_STARTED_PRODUCT_DESIGN_GATES_BLOCKED","UJ E2E mapping required before Acceptance Gate","Acceptance Gate","traceability.csv;delivery-plan.md","PLANNED_NOT_IMPLEMENTED","Product + QA"
"UJ-015","司机在弱网中完成运输任务","V1-B","End-to-end journey; must not be reduced to page CRUD","_bmad-output/planning-artifacts/prds/prd-fleet-office-2026-08-20/prd.md;_bmad-output/planning-artifacts/ux-designs/ux-fleet-office-2026-08-20/EXPERIENCE.md","NOT_STARTED_PRODUCT_DESIGN_GATES_BLOCKED","UJ E2E mapping required before Acceptance Gate","Acceptance Gate","traceability.csv;delivery-plan.md","PLANNED_NOT_IMPLEMENTED","Product + QA"
"FR-001","今日工作流: 系统必须将未接手异常、临近时限任务、在途变化和到期事项组成统一工作流，支持按角色、组织、优先级、状态过滤；每条记录显示对象、原因、发生时间、新鲜度、责任和下一动作。","V1-A","US-004","_bmad-output/planning-artifacts/prds/prd-fleet-office-2026-08-20/prd.md;_bmad-output/planning-artifacts/ux-designs/ux-fleet-office-2026-08-20/EXPERIENCE.md;_bmad-output/planning-artifacts/ux-designs/ux-fleet-office-2026-08-20/DESIGN.md","NOT_STARTED_PRODUCT_DESIGN_GATES_BLOCKED","TEST-010;TEST-011;TEST-012","Product + Design + Build + Acceptance","g7-capability-matrix.csv;g7-gap-decisions.md;evidence/g7-public-api-catalog.json","BLOCKED_G7_SANDBOX_AND_APPROVAL","Product + Engineering + QA"
"FR-002","全局命令面板: 用户必须能通过 Ctrl/Cmd + K 搜索车牌、司机、任务、地点和动作；结果按“对象、工作、命令”分组，权限不足的对象不得泄露摘要。","V1-A","US-004","_bmad-output/planning-artifacts/prds/prd-fleet-office-2026-08-20/prd.md;_bmad-output/planning-artifacts/ux-designs/ux-fleet-office-2026-08-20/EXPERIENCE.md;_bmad-output/planning-artifacts/ux-designs/ux-fleet-office-2026-08-20/DESIGN.md","NOT_STARTED_PRODUCT_DESIGN_GATES_BLOCKED","TEST-010;TEST-011;TEST-012","Product + Design + Build + Acceptance","g7-capability-matrix.csv;g7-gap-decisions.md;evidence/g7-public-api-catalog.json","BLOCKED_G7_SANDBOX_AND_APPROVAL","Product + Engineering + QA"
"FR-003","持续上下文: 用户选择任一记录后，右侧上下文抽屉必须保留对象身份、关键事实、关联工作和可执行动作；用户切换工作空间或返回列表时，选择状态可通过 URL 恢复。","V1-A","US-004","_bmad-output/planning-artifacts/prds/prd-fleet-office-2026-08-20/prd.md;_bmad-output/planning-artifacts/ux-designs/ux-fleet-office-2026-08-20/EXPERIENCE.md;_bmad-output/planning-artifacts/ux-designs/ux-fleet-office-2026-08-20/DESIGN.md","NOT_STARTED_PRODUCT_DESIGN_GATES_BLOCKED","TEST-010;TEST-011;TEST-012","Product + Design + Build + Acceptance","g7-capability-matrix.csv;g7-gap-decisions.md;evidence/g7-public-api-catalog.json","BLOCKED_G7_SANDBOX_AND_APPROVAL","Product + Engineering + QA"
"FR-004","对象目录: 系统必须提供车辆、司机、场站/地址的统一检索与详情，支持组织、标签、属性、外部 ID、状态和权限范围；车辆至少展示车牌、VIN、车型、载重/尺寸、能源类型和归属组织。","V1-A","US-002","_bmad-output/planning-artifacts/prds/prd-fleet-office-2026-08-20/prd.md;_bmad-output/planning-artifacts/ux-designs/ux-fleet-office-2026-08-20/EXPERIENCE.md;_bmad-output/planning-artifacts/ux-designs/ux-fleet-office-2026-08-20/DESIGN.md","NOT_STARTED_PRODUCT_DESIGN_GATES_BLOCKED","TEST-004;TEST-005;TEST-006","Product + Design + Build + Acceptance","g7-capability-matrix.csv;g7-gap-decisions.md;evidence/g7-public-api-catalog.json","BLOCKED_G7_SANDBOX_AND_APPROVAL","Product + Engineering + QA"
"FR-005","人车关系: 系统必须展示当前及历史人车绑定，支持创建、变更和解绑；创建前必须校验同一司机时间重叠、同车同身份时间重叠及结束时间晚于开始时间。","V1-A","US-006","_bmad-output/planning-artifacts/prds/prd-fleet-office-2026-08-20/prd.md;_bmad-output/planning-artifacts/ux-designs/ux-fleet-office-2026-08-20/EXPERIENCE.md;_bmad-output/planning-artifacts/ux-designs/ux-fleet-office-2026-08-20/DESIGN.md","NOT_STARTED_PRODUCT_DESIGN_GATES_BLOCKED","TEST-015;TEST-016;TEST-017","Product + Design + Build + Acceptance","g7-capability-matrix.csv;g7-gap-decisions.md;evidence/g7-public-api-catalog.json","BLOCKED_G7_SANDBOX_AND_APPROVAL","Product + Engineering + QA"
"FR-006","事实视图: 系统必须展示车辆位置/速度、车况和安全事件的快照、增量与历史；每项数据标明来源、发生时间、接收时间和新鲜度，历史查询遵守 G7 的范围与分页限制。","V1-A","US-003","_bmad-output/planning-artifacts/prds/prd-fleet-office-2026-08-20/prd.md;_bmad-output/planning-artifacts/ux-designs/ux-fleet-office-2026-08-20/EXPERIENCE.md;_bmad-output/planning-artifacts/ux-designs/ux-fleet-office-2026-08-20/DESIGN.md","NOT_STARTED_PRODUCT_DESIGN_GATES_BLOCKED","TEST-007;TEST-008;TEST-009","Product + Design + Build + Acceptance","g7-capability-matrix.csv;g7-gap-decisions.md;evidence/g7-public-api-catalog.json","BLOCKED_G7_SANDBOX_AND_APPROVAL","Product + Engineering + QA"
"FR-007","派车工作: 调度员必须能创建包含业务单号、线路/场站、计划时间、车辆、司机、责任人和备注的派车任务，并维护草稿、待确认、已派、在途、完成、取消状态。","V1-A","US-005","_bmad-output/planning-artifacts/prds/prd-fleet-office-2026-08-20/prd.md;_bmad-output/planning-artifacts/ux-designs/ux-fleet-office-2026-08-20/EXPERIENCE.md;_bmad-output/planning-artifacts/ux-designs/ux-fleet-office-2026-08-20/DESIGN.md","NOT_STARTED_PRODUCT_DESIGN_GATES_BLOCKED","TEST-013;TEST-014","Product + Design + Build + Acceptance","g7-capability-matrix.csv;g7-gap-decisions.md;evidence/g7-public-api-catalog.json","BLOCKED_G7_SANDBOX_AND_APPROVAL","Product + Engineering + QA"
"FR-008","派车校验与同步: 系统必须在确认前校验权限、车辆可用性、司机/车辆时间冲突和必填资格；确认后以幂等方式同步 G7 人车绑定，失败时保留本地“待同步”状态并允许重试或撤销。","V1-A","US-006;US-008","_bmad-output/planning-artifacts/prds/prd-fleet-office-2026-08-20/prd.md;_bmad-output/planning-artifacts/ux-designs/ux-fleet-office-2026-08-20/EXPERIENCE.md;_bmad-output/planning-artifacts/ux-designs/ux-fleet-office-2026-08-20/DESIGN.md","NOT_STARTED_PRODUCT_DESIGN_GATES_BLOCKED","TEST-015;TEST-016;TEST-017;TEST-021;TEST-022;TEST-023","Product + Design + Build + Acceptance","g7-capability-matrix.csv;g7-gap-decisions.md;evidence/g7-public-api-catalog.json","BLOCKED_G7_SANDBOX_AND_APPROVAL","Product + Engineering + QA"
"FR-009","在途时间线: 系统必须将计划节点、围栏进出、位置变化、事件、人工备注和任务动作合并为单一时间线；用户可从任一异常节点创建工作并关联责任人和时限。","V1-A","US-007","_bmad-output/planning-artifacts/prds/prd-fleet-office-2026-08-20/prd.md;_bmad-output/planning-artifacts/ux-designs/ux-fleet-office-2026-08-20/EXPERIENCE.md;_bmad-output/planning-artifacts/ux-designs/ux-fleet-office-2026-08-20/DESIGN.md","NOT_STARTED_PRODUCT_DESIGN_GATES_BLOCKED","TEST-018;TEST-019;TEST-020","Product + Design + Build + Acceptance","g7-capability-matrix.csv;g7-gap-decisions.md;evidence/g7-public-api-catalog.json","BLOCKED_G7_SANDBOX_AND_APPROVAL","Product + Engineering + QA"
"FR-010","风险收件箱: 系统必须增量消费 G7 事件 Feed，并依据事件类型、速度、媒体、资产、司机、标签和组织规则进行去重、聚合与分级；默认支持超速、急加速、急减速和疲劳驾驶类事件。","V1-C","US-009;US-010","_bmad-output/planning-artifacts/prds/prd-fleet-office-2026-08-20/prd.md;_bmad-output/planning-artifacts/ux-designs/ux-fleet-office-2026-08-20/EXPERIENCE.md;_bmad-output/planning-artifacts/ux-designs/ux-fleet-office-2026-08-20/DESIGN.md","NOT_STARTED_PRODUCT_DESIGN_GATES_BLOCKED","TEST-024;TEST-025;TEST-026;TEST-027;TEST-028","Product + Design + Build + Acceptance","g7-capability-matrix.csv;g7-gap-decisions.md;evidence/g7-public-api-catalog.json","BLOCKED_G7_SANDBOX_AND_APPROVAL","Product + Engineering + QA"
"FR-011","处置任务: 安全员必须能接手、分派、记录联系/培训/停运等干预、设置复核时间并关闭事件；关闭必须有结果分类和说明，高风险关闭需复核角色确认。","V1-C","US-011","_bmad-output/planning-artifacts/prds/prd-fleet-office-2026-08-20/prd.md;_bmad-output/planning-artifacts/ux-designs/ux-fleet-office-2026-08-20/EXPERIENCE.md;_bmad-output/planning-artifacts/ux-designs/ux-fleet-office-2026-08-20/DESIGN.md","NOT_STARTED_PRODUCT_DESIGN_GATES_BLOCKED","TEST-029;TEST-030;TEST-031","Product + Design + Build + Acceptance","g7-capability-matrix.csv;g7-gap-decisions.md;evidence/g7-public-api-catalog.json","BLOCKED_G7_SANDBOX_AND_APPROVAL","Product + Engineering + QA"
"FR-012","证据查看: 在权限允许时，系统必须展示事件关联图片、视频状态、回放日历或外链；媒体不可用、处理中或过期时显示明确状态，不将缺失媒体解释为无风险。","V1-C","US-012","_bmad-output/planning-artifacts/prds/prd-fleet-office-2026-08-20/prd.md;_bmad-output/planning-artifacts/ux-designs/ux-fleet-office-2026-08-20/EXPERIENCE.md;_bmad-output/planning-artifacts/ux-designs/ux-fleet-office-2026-08-20/DESIGN.md","NOT_STARTED_PRODUCT_DESIGN_GATES_BLOCKED","TEST-032;TEST-033;TEST-034","Product + Design + Build + Acceptance","g7-capability-matrix.csv;g7-gap-decisions.md;evidence/g7-public-api-catalog.json","BLOCKED_G7_SANDBOX_AND_APPROVAL","Product + Engineering + QA"
"FR-013","一车一档: 系统必须为每辆车汇总主数据、绑定历史、证照/资质、维护、事件、任务和审计记录；证照支持签发日、到期日、附件、标签、归档和恢复。","V1-B","US-013","_bmad-output/planning-artifacts/prds/prd-fleet-office-2026-08-20/prd.md;_bmad-output/planning-artifacts/ux-designs/ux-fleet-office-2026-08-20/EXPERIENCE.md;_bmad-output/planning-artifacts/ux-designs/ux-fleet-office-2026-08-20/DESIGN.md","NOT_STARTED_PRODUCT_DESIGN_GATES_BLOCKED","TEST-035;TEST-036","Product + Design + Build + Acceptance","g7-capability-matrix.csv;g7-gap-decisions.md;evidence/g7-public-api-catalog.json","BLOCKED_G7_SANDBOX_AND_APPROVAL","Product + Engineering + QA"
"FR-014","到期与维护工作: 系统必须按可配置提前期产生证照到期、年检、保养和维修工作；任务包含车辆、规则来源、责任人、计划时间、结果和附件，完成后保留历史版本。","V1-B","US-014","_bmad-output/planning-artifacts/prds/prd-fleet-office-2026-08-20/prd.md;_bmad-output/planning-artifacts/ux-designs/ux-fleet-office-2026-08-20/EXPERIENCE.md;_bmad-output/planning-artifacts/ux-designs/ux-fleet-office-2026-08-20/DESIGN.md","NOT_STARTED_PRODUCT_DESIGN_GATES_BLOCKED","TEST-037;TEST-038;TEST-039","Product + Design + Build + Acceptance","g7-capability-matrix.csv;g7-gap-decisions.md;evidence/g7-public-api-catalog.json","BLOCKED_G7_SANDBOX_AND_APPROVAL","Product + Engineering + QA"
"FR-015","G7 适配与降级: 系统必须通过服务端 G7 适配层处理签名、租户/用户头、游标、限额、重试、超时和错误映射；外部不可用时使用最后成功事实并显示降级，不得伪造同步成功。","V1-A","US-002;US-003;US-008;US-009","_bmad-output/planning-artifacts/prds/prd-fleet-office-2026-08-20/prd.md;_bmad-output/planning-artifacts/ux-designs/ux-fleet-office-2026-08-20/EXPERIENCE.md;_bmad-output/planning-artifacts/ux-designs/ux-fleet-office-2026-08-20/DESIGN.md","NOT_STARTED_PRODUCT_DESIGN_GATES_BLOCKED","TEST-004;TEST-005;TEST-006;TEST-007;TEST-008;TEST-009;TEST-021;TEST-022;TEST-023;TEST-024;TEST-025;TEST-026","Product + Design + Build + Acceptance","g7-capability-matrix.csv;g7-gap-decisions.md;evidence/g7-public-api-catalog.json","BLOCKED_G7_SANDBOX_AND_APPROVAL","Product + Engineering + QA"
"FR-016","数据交换: 管理员必须能批量导入/导出车辆、司机及业务映射；外部 ID 必须在租户内唯一；导入支持预检、错误行下载和幂等重试，敏感导出需审批与审计。","V1-A","US-015","_bmad-output/planning-artifacts/prds/prd-fleet-office-2026-08-20/prd.md;_bmad-output/planning-artifacts/ux-designs/ux-fleet-office-2026-08-20/EXPERIENCE.md;_bmad-output/planning-artifacts/ux-designs/ux-fleet-office-2026-08-20/DESIGN.md","NOT_STARTED_PRODUCT_DESIGN_GATES_BLOCKED","TEST-040;TEST-041;TEST-042","Product + Design + Build + Acceptance","g7-capability-matrix.csv;g7-gap-decisions.md;evidence/g7-public-api-catalog.json","BLOCKED_G7_SANDBOX_AND_APPROVAL","Product + Engineering + QA"
"FR-017","权限与审计: 系统必须支持租户、组织和标签数据范围，以及管理员、车队经理、调度员、安全员、车务人员、只读审计员角色；所有变更、导出、敏感查看和同步重试必须记录操作者、时间、对象、前后值、请求 ID 与来源应用。","V1-A","US-001;US-016","_bmad-output/planning-artifacts/prds/prd-fleet-office-2026-08-20/prd.md;_bmad-output/planning-artifacts/ux-designs/ux-fleet-office-2026-08-20/EXPERIENCE.md;_bmad-output/planning-artifacts/ux-designs/ux-fleet-office-2026-08-20/DESIGN.md","NOT_STARTED_PRODUCT_DESIGN_GATES_BLOCKED","TEST-001;TEST-002;TEST-003;TEST-043;TEST-044;TEST-045","Product + Design + Build + Acceptance","g7-capability-matrix.csv;g7-gap-decisions.md;evidence/g7-public-api-catalog.json","BLOCKED_G7_SANDBOX_AND_APPROVAL","Product + Engineering + QA"
"FR-018","Agent 工作线程: 用户必须能从工作流、对象抽屉或命令面板创建带对象、时间窗口、角色作用域和目标的 AgentThread；线程包含可恢复的 Turn、运行状态、参与工具、审批请求和最终结果，并可通过 URL、对象档案和班次交接恢复。","V1-C","US-017","_bmad-output/planning-artifacts/prds/prd-fleet-office-2026-08-20/prd.md;_bmad-output/planning-artifacts/ux-designs/ux-fleet-office-2026-08-20/EXPERIENCE.md;_bmad-output/planning-artifacts/ux-designs/ux-fleet-office-2026-08-20/DESIGN.md","NOT_STARTED_PRODUCT_DESIGN_GATES_BLOCKED","TEST-046;TEST-047;TEST-048","Product + Design + Build + Acceptance","g7-capability-matrix.csv;g7-gap-decisions.md;evidence/g7-public-api-catalog.json","BLOCKED_G7_SANDBOX_AND_APPROVAL","Product + Engineering + QA"
"FR-019","证据计划与账本: Agent 在形成建议前必须生成可见的证据计划，说明将读取哪些 G7/本地数据以及完成条件；每个事实必须记录来源、happened_at、received_at、请求 ID、权限范围和新鲜度，事实、推断、冲突和未知分栏展示。","V1-C","US-018","_bmad-output/planning-artifacts/prds/prd-fleet-office-2026-08-20/prd.md;_bmad-output/planning-artifacts/ux-designs/ux-fleet-office-2026-08-20/EXPERIENCE.md;_bmad-output/planning-artifacts/ux-designs/ux-fleet-office-2026-08-20/DESIGN.md","NOT_STARTED_PRODUCT_DESIGN_GATES_BLOCKED","TEST-049;TEST-050;TEST-051","Product + Design + Build + Acceptance","g7-capability-matrix.csv;g7-gap-decisions.md;evidence/g7-public-api-catalog.json","BLOCKED_G7_SANDBOX_AND_APPROVAL","Product + Engineering + QA"
"FR-020","Context Pack 与策略: 运行必须按租户、组织和对象作用域加载版本化的租户政策、车队 SOP、路线/时窗约束、司机安全规则、客户 SLA 和监管规则；策略冲突、过期或缺失时必须暂停建议并要求人工确认。","V1-C","US-017;US-018","_bmad-output/planning-artifacts/prds/prd-fleet-office-2026-08-20/prd.md;_bmad-output/planning-artifacts/ux-designs/ux-fleet-office-2026-08-20/EXPERIENCE.md;_bmad-output/planning-artifacts/ux-designs/ux-fleet-office-2026-08-20/DESIGN.md","NOT_STARTED_PRODUCT_DESIGN_GATES_BLOCKED","TEST-046;TEST-047;TEST-048;TEST-049;TEST-050;TEST-051","Product + Design + Build + Acceptance","g7-capability-matrix.csv;g7-gap-decisions.md;evidence/g7-public-api-catalog.json","BLOCKED_G7_SANDBOX_AND_APPROVAL","Product + Engineering + QA"
"FR-021","工具注册与分层: Agent 只能调用注册工具；工具至少分为只读事实、可撤销草稿、外部写入和敏感操作四类，声明输入 schema、数据范围、风险等级、幂等键、超时、可撤销性和审计字段。Agent 不得直接调用 G7 或持有 G7 凭据。","V1-C","US-019","_bmad-output/planning-artifacts/prds/prd-fleet-office-2026-08-20/prd.md;_bmad-output/planning-artifacts/ux-designs/ux-fleet-office-2026-08-20/EXPERIENCE.md;_bmad-output/planning-artifacts/ux-designs/ux-fleet-office-2026-08-20/DESIGN.md","NOT_STARTED_PRODUCT_DESIGN_GATES_BLOCKED","TEST-052;TEST-053;TEST-054","Product + Design + Build + Acceptance","g7-capability-matrix.csv;g7-gap-decisions.md;evidence/g7-public-api-catalog.json","BLOCKED_G7_SANDBOX_AND_APPROVAL","Product + Engineering + QA"
"FR-022","计划、进度与失败恢复: UI 必须显示 Agent 当前阶段（意图、作用域、证据、方案、审批、执行、回读、完成/失败）、工具状态、耗时、来源和下一步；工具超时、限流、权限不足和证据矛盾必须可重试、改范围、人工接管或恢复线程。","V1-C","US-020","_bmad-output/planning-artifacts/prds/prd-fleet-office-2026-08-20/prd.md;_bmad-output/planning-artifacts/ux-designs/ux-fleet-office-2026-08-20/EXPERIENCE.md;_bmad-output/planning-artifacts/ux-designs/ux-fleet-office-2026-08-20/DESIGN.md","NOT_STARTED_PRODUCT_DESIGN_GATES_BLOCKED","TEST-055;TEST-056","Product + Design + Build + Acceptance","g7-capability-matrix.csv;g7-gap-decisions.md;evidence/g7-public-api-catalog.json","BLOCKED_G7_SANDBOX_AND_APPROVAL","Product + Engineering + QA"
"FR-023","风险分级审批: R0 只读可自动执行，R1 本地可撤销草稿需用户确认，R2 外部副作用必须逐项批准，R3 停运/资格冻结/敏感导出/批量变更必须双人复核；审批卡必须显示目标、证据摘要、影响、可撤销性和失败回滚。","V1-C","US-021","_bmad-output/planning-artifacts/prds/prd-fleet-office-2026-08-20/prd.md;_bmad-output/planning-artifacts/ux-designs/ux-fleet-office-2026-08-20/EXPERIENCE.md;_bmad-output/planning-artifacts/ux-designs/ux-fleet-office-2026-08-20/DESIGN.md","NOT_STARTED_PRODUCT_DESIGN_GATES_BLOCKED","TEST-057;TEST-058;TEST-059","Product + Design + Build + Acceptance","g7-capability-matrix.csv;g7-gap-decisions.md;evidence/g7-public-api-catalog.json","BLOCKED_G7_SANDBOX_AND_APPROVAL","Product + Engineering + QA"
"FR-024","并行专家与合并: 对于晚到、偏航和高风险事件，编排器可并行运行证据分析、ETA/方案、风险合规和动作草拟专家；专家只返回结构化结论和证据引用，主线程必须合并冲突、标记未知并显示各专家活动与消耗。","V1-C","US-022","_bmad-output/planning-artifacts/prds/prd-fleet-office-2026-08-20/prd.md;_bmad-output/planning-artifacts/ux-designs/ux-fleet-office-2026-08-20/EXPERIENCE.md;_bmad-output/planning-artifacts/ux-designs/ux-fleet-office-2026-08-20/DESIGN.md","NOT_STARTED_PRODUCT_DESIGN_GATES_BLOCKED","TEST-060;TEST-061","Product + Design + Build + Acceptance","g7-capability-matrix.csv;g7-gap-decisions.md;evidence/g7-public-api-catalog.json","BLOCKED_G7_SANDBOX_AND_APPROVAL","Product + Engineering + QA"
"FR-025","写后验证与刷新: 所有 R2/R3 工具执行后必须重新读取本地业务记录和 G7 事实，区分“已生效、待同步、执行失败、回读延迟”；验证完成前不显示“已完成”，并刷新今日工作流、对象抽屉和审计时间线。","V1-C","US-023","_bmad-output/planning-artifacts/prds/prd-fleet-office-2026-08-20/prd.md;_bmad-output/planning-artifacts/ux-designs/ux-fleet-office-2026-08-20/EXPERIENCE.md;_bmad-output/planning-artifacts/ux-designs/ux-fleet-office-2026-08-20/DESIGN.md","NOT_STARTED_PRODUCT_DESIGN_GATES_BLOCKED","TEST-062;TEST-063","Product + Design + Build + Acceptance","g7-capability-matrix.csv;g7-gap-decisions.md;evidence/g7-public-api-catalog.json","BLOCKED_G7_SANDBOX_AND_APPROVAL","Product + Engineering + QA"
"FR-026","运行评估与交接: 管理员必须能按黄金案例回放 Agent 运行，查看证据覆盖率、工具调用、审批和结果；用户可生成班次交接摘要，保留未解决问题、下一步、责任人和上下文压缩后的关键事实。","V1-C","US-024","_bmad-output/planning-artifacts/prds/prd-fleet-office-2026-08-20/prd.md;_bmad-output/planning-artifacts/ux-designs/ux-fleet-office-2026-08-20/EXPERIENCE.md;_bmad-output/planning-artifacts/ux-designs/ux-fleet-office-2026-08-20/DESIGN.md","NOT_STARTED_PRODUCT_DESIGN_GATES_BLOCKED","TEST-064;TEST-065","Product + Design + Build + Acceptance","g7-capability-matrix.csv;g7-gap-decisions.md;evidence/g7-public-api-catalog.json","BLOCKED_G7_SANDBOX_AND_APPROVAL","Product + Engineering + QA"
"FR-027","订单接入与完整性: 系统必须支持 API、表格和文档录入订单，抽取客户、货物、提送点、时窗、服务级别和计费字段；缺字段、冲突字段和重复订单进入可处理队列，原始文件与抽取结果可追溯。","V1-A","US-025","_bmad-output/planning-artifacts/prds/prd-fleet-office-2026-08-20/prd.md;_bmad-output/planning-artifacts/ux-designs/ux-fleet-office-2026-08-20/EXPERIENCE.md;_bmad-output/planning-artifacts/ux-designs/ux-fleet-office-2026-08-20/DESIGN.md","NOT_STARTED_PRODUCT_DESIGN_GATES_BLOCKED","TEST-066;TEST-067","Product + Design + Build + Acceptance","g7-capability-matrix.csv;g7-gap-decisions.md;evidence/g7-public-api-catalog.json","BLOCKED_G7_SANDBOX_AND_APPROVAL","Product + Engineering + QA"
"FR-028","履约计划与停靠点: 系统必须将订单拆分为运输段、停靠点和履约承诺，支持合单、拆单、时窗、容量、装卸时长和路线约束，并生成可比较的计划草稿。","V1-A","US-026","_bmad-output/planning-artifacts/prds/prd-fleet-office-2026-08-20/prd.md;_bmad-output/planning-artifacts/ux-designs/ux-fleet-office-2026-08-20/EXPERIENCE.md;_bmad-output/planning-artifacts/ux-designs/ux-fleet-office-2026-08-20/DESIGN.md","NOT_STARTED_PRODUCT_DESIGN_GATES_BLOCKED","TEST-068","Product + Design + Build + Acceptance","g7-capability-matrix.csv;g7-gap-decisions.md;evidence/g7-public-api-catalog.json","BLOCKED_G7_SANDBOX_AND_APPROVAL","Product + Engineering + QA"
"FR-029","ETA 与承诺风险: 系统必须结合 G7 位置/轨迹事实、计划时窗、历史耗时和运营事件计算 ETA 与风险等级，显示置信度、证据、新鲜度和影响订单。","V1-A","US-027","_bmad-output/planning-artifacts/prds/prd-fleet-office-2026-08-20/prd.md;_bmad-output/planning-artifacts/ux-designs/ux-fleet-office-2026-08-20/EXPERIENCE.md;_bmad-output/planning-artifacts/ux-designs/ux-fleet-office-2026-08-20/DESIGN.md","NOT_STARTED_PRODUCT_DESIGN_GATES_BLOCKED","TEST-069;TEST-070","Product + Design + Build + Acceptance","g7-capability-matrix.csv;g7-gap-decisions.md;evidence/g7-public-api-catalog.json","BLOCKED_G7_SANDBOX_AND_APPROVAL","Product + Engineering + QA"
"FR-030","异常影响传播: 系统必须把车辆、司机、路线、停靠点、订单、客户 SLA 和后续任务组成影响图；异常发生时列出受影响对象、最晚补救时间和责任人。","V1-A","US-028","_bmad-output/planning-artifacts/prds/prd-fleet-office-2026-08-20/prd.md;_bmad-output/planning-artifacts/ux-designs/ux-fleet-office-2026-08-20/EXPERIENCE.md;_bmad-output/planning-artifacts/ux-designs/ux-fleet-office-2026-08-20/DESIGN.md","NOT_STARTED_PRODUCT_DESIGN_GATES_BLOCKED","TEST-071","Product + Design + Build + Acceptance","g7-capability-matrix.csv;g7-gap-decisions.md;evidence/g7-public-api-catalog.json","BLOCKED_G7_SANDBOX_AND_APPROVAL","Product + Engineering + QA"
"FR-031","履约凭证与结案: 系统必须接收签收、异常签收、照片、回单和客户确认，校验订单履约条件并将未满足项转为待处理工作，不得静默标记完成。","V1-A","US-029","_bmad-output/planning-artifacts/prds/prd-fleet-office-2026-08-20/prd.md;_bmad-output/planning-artifacts/ux-designs/ux-fleet-office-2026-08-20/EXPERIENCE.md;_bmad-output/planning-artifacts/ux-designs/ux-fleet-office-2026-08-20/DESIGN.md","NOT_STARTED_PRODUCT_DESIGN_GATES_BLOCKED","TEST-072","Product + Design + Build + Acceptance","g7-capability-matrix.csv;g7-gap-decisions.md;evidence/g7-public-api-catalog.json","BLOCKED_G7_SANDBOX_AND_APPROVAL","Product + Engineering + QA"
"FR-032","运力池与班次计划: 系统必须按组织、车型、载重、能源、司机资格、班次和维护占用展示可用运力，支持未来日期和临时运力锁定。","V1-A","US-031","_bmad-output/planning-artifacts/prds/prd-fleet-office-2026-08-20/prd.md;_bmad-output/planning-artifacts/ux-designs/ux-fleet-office-2026-08-20/EXPERIENCE.md;_bmad-output/planning-artifacts/ux-designs/ux-fleet-office-2026-08-20/DESIGN.md","NOT_STARTED_PRODUCT_DESIGN_GATES_BLOCKED","TEST-074","Product + Design + Build + Acceptance","g7-capability-matrix.csv;g7-gap-decisions.md;evidence/g7-public-api-catalog.json","BLOCKED_G7_SANDBOX_AND_APPROVAL","Product + Engineering + QA"
"FR-033","候选匹配与约束解释: 系统必须为订单或运输段提供人车候选，解释容量、时窗、资格、位置、工时和冲突约束；候选建议与阻塞原因分开呈现。","V1-A","US-032","_bmad-output/planning-artifacts/prds/prd-fleet-office-2026-08-20/prd.md;_bmad-output/planning-artifacts/ux-designs/ux-fleet-office-2026-08-20/EXPERIENCE.md;_bmad-output/planning-artifacts/ux-designs/ux-fleet-office-2026-08-20/DESIGN.md","NOT_STARTED_PRODUCT_DESIGN_GATES_BLOCKED","TEST-075;TEST-076","Product + Design + Build + Acceptance","g7-capability-matrix.csv;g7-gap-decisions.md;evidence/g7-public-api-catalog.json","BLOCKED_G7_SANDBOX_AND_APPROVAL","Product + Engineering + QA"
"FR-034","What-if 场景: 用户必须能够复制计划并比较准时率、空驶、里程、成本、加班、风险和客户影响；场景计算不能直接写入生产派车。","V1-A","US-033","_bmad-output/planning-artifacts/prds/prd-fleet-office-2026-08-20/prd.md;_bmad-output/planning-artifacts/ux-designs/ux-fleet-office-2026-08-20/EXPERIENCE.md;_bmad-output/planning-artifacts/ux-designs/ux-fleet-office-2026-08-20/DESIGN.md","NOT_STARTED_PRODUCT_DESIGN_GATES_BLOCKED","TEST-077","Product + Design + Build + Acceptance","g7-capability-matrix.csv;g7-gap-decisions.md;evidence/g7-public-api-catalog.json","BLOCKED_G7_SANDBOX_AND_APPROVAL","Product + Engineering + QA"
"FR-035","派车批处理: 系统必须支持按班次、区域或订单批量生成派车草稿，逐项显示冲突和可撤销性，确认后才通过本地服务同步 G7。","V1-A","US-034","_bmad-output/planning-artifacts/prds/prd-fleet-office-2026-08-20/prd.md;_bmad-output/planning-artifacts/ux-designs/ux-fleet-office-2026-08-20/EXPERIENCE.md;_bmad-output/planning-artifacts/ux-designs/ux-fleet-office-2026-08-20/DESIGN.md","NOT_STARTED_PRODUCT_DESIGN_GATES_BLOCKED","TEST-078;TEST-079","Product + Design + Build + Acceptance","g7-capability-matrix.csv;g7-gap-decisions.md;evidence/g7-public-api-catalog.json","BLOCKED_G7_SANDBOX_AND_APPROVAL","Product + Engineering + QA"
"FR-036","运力预警: 系统必须提前识别未来班次的运力缺口、维护占用、司机工时风险和高峰拥堵，并生成补运、改约或客户沟通建议。","V1-A","US-035","_bmad-output/planning-artifacts/prds/prd-fleet-office-2026-08-20/prd.md;_bmad-output/planning-artifacts/ux-designs/ux-fleet-office-2026-08-20/EXPERIENCE.md;_bmad-output/planning-artifacts/ux-designs/ux-fleet-office-2026-08-20/DESIGN.md","NOT_STARTED_PRODUCT_DESIGN_GATES_BLOCKED","TEST-080","Product + Design + Build + Acceptance","g7-capability-matrix.csv;g7-gap-decisions.md;evidence/g7-public-api-catalog.json","BLOCKED_G7_SANDBOX_AND_APPROVAL","Product + Engineering + QA"
"FR-037","客户 SLA 与承诺: 系统必须保存客户 SLA、承诺模板、通知渠道、联系人和升级规则，并将订单风险映射到具体承诺。","V1.5","US-037","_bmad-output/planning-artifacts/prds/prd-fleet-office-2026-08-20/prd.md;_bmad-output/planning-artifacts/ux-designs/ux-fleet-office-2026-08-20/EXPERIENCE.md;_bmad-output/planning-artifacts/ux-designs/ux-fleet-office-2026-08-20/DESIGN.md","NOT_STARTED_PRODUCT_DESIGN_GATES_BLOCKED","TEST-082","Product + Design + Build + Acceptance","g7-capability-matrix.csv;g7-gap-decisions.md;evidence/g7-public-api-catalog.json","BLOCKED_G7_SANDBOX_AND_APPROVAL","Product + Engineering + QA"
"FR-038","协同消息工作流: 系统必须从异常或计划变化生成带证据的客户/承运商通知草稿，支持审阅、发送、撤回状态和沟通时间线。","V1.5","US-038","_bmad-output/planning-artifacts/prds/prd-fleet-office-2026-08-20/prd.md;_bmad-output/planning-artifacts/ux-designs/ux-fleet-office-2026-08-20/EXPERIENCE.md;_bmad-output/planning-artifacts/ux-designs/ux-fleet-office-2026-08-20/DESIGN.md","NOT_STARTED_PRODUCT_DESIGN_GATES_BLOCKED","TEST-083;TEST-084","Product + Design + Build + Acceptance","g7-capability-matrix.csv;g7-gap-decisions.md;evidence/g7-public-api-catalog.json","BLOCKED_G7_SANDBOX_AND_APPROVAL","Product + Engineering + QA"
"FR-039","索赔与服务案件: 系统必须支持从订单、凭证、事件和沟通创建服务案件，记录责任、金额、材料、时限、处理阶段和复核结果。","V1.5","US-039","_bmad-output/planning-artifacts/prds/prd-fleet-office-2026-08-20/prd.md;_bmad-output/planning-artifacts/ux-designs/ux-fleet-office-2026-08-20/EXPERIENCE.md;_bmad-output/planning-artifacts/ux-designs/ux-fleet-office-2026-08-20/DESIGN.md","NOT_STARTED_PRODUCT_DESIGN_GATES_BLOCKED","TEST-085","Product + Design + Build + Acceptance","g7-capability-matrix.csv;g7-gap-decisions.md;evidence/g7-public-api-catalog.json","BLOCKED_G7_SANDBOX_AND_APPROVAL","Product + Engineering + QA"
"FR-040","费用采集与匹配: 系统必须接收运费、油费、路桥费、停车、装卸和附加费，按订单、运输段、车辆和供应商匹配并保留来源凭证。","V1.5","US-040","_bmad-output/planning-artifacts/prds/prd-fleet-office-2026-08-20/prd.md;_bmad-output/planning-artifacts/ux-designs/ux-fleet-office-2026-08-20/EXPERIENCE.md;_bmad-output/planning-artifacts/ux-designs/ux-fleet-office-2026-08-20/DESIGN.md","NOT_STARTED_PRODUCT_DESIGN_GATES_BLOCKED","TEST-086","Product + Design + Build + Acceptance","g7-capability-matrix.csv;g7-gap-decisions.md;evidence/g7-public-api-catalog.json","BLOCKED_G7_SANDBOX_AND_APPROVAL","Product + Engineering + QA"
"FR-041","结算对账: 系统必须比较合同费率、实际履约、外部账单和已付款记录，标出差异、重复、缺凭证和需审批金额，不自动篡改财务原账。","V1.5","US-041","_bmad-output/planning-artifacts/prds/prd-fleet-office-2026-08-20/prd.md;_bmad-output/planning-artifacts/ux-designs/ux-fleet-office-2026-08-20/EXPERIENCE.md;_bmad-output/planning-artifacts/ux-designs/ux-fleet-office-2026-08-20/DESIGN.md","NOT_STARTED_PRODUCT_DESIGN_GATES_BLOCKED","TEST-087;TEST-088","Product + Design + Build + Acceptance","g7-capability-matrix.csv;g7-gap-decisions.md;evidence/g7-public-api-catalog.json","BLOCKED_G7_SANDBOX_AND_APPROVAL","Product + Engineering + QA"
"FR-042","客户服务摘要: 系统必须生成按客户、线路和时间窗聚合的准时率、异常、沟通、索赔和费用摘要，并提供证据链接。","V1.5","US-042","_bmad-output/planning-artifacts/prds/prd-fleet-office-2026-08-20/prd.md;_bmad-output/planning-artifacts/ux-designs/ux-fleet-office-2026-08-20/EXPERIENCE.md;_bmad-output/planning-artifacts/ux-designs/ux-fleet-office-2026-08-20/DESIGN.md","NOT_STARTED_PRODUCT_DESIGN_GATES_BLOCKED","TEST-089","Product + Design + Build + Acceptance","g7-capability-matrix.csv;g7-gap-decisions.md;evidence/g7-public-api-catalog.json","BLOCKED_G7_SANDBOX_AND_APPROVAL","Product + Engineering + QA"
"FR-043","Playbook 编排: 管理员必须能以事件、时间、规则或人工命令为触发器，编排查询、判断、通知、草稿、审批、写入和回读步骤。","V1.5","US-043","_bmad-output/planning-artifacts/prds/prd-fleet-office-2026-08-20/prd.md;_bmad-output/planning-artifacts/ux-designs/ux-fleet-office-2026-08-20/EXPERIENCE.md;_bmad-output/planning-artifacts/ux-designs/ux-fleet-office-2026-08-20/DESIGN.md","NOT_STARTED_PRODUCT_DESIGN_GATES_BLOCKED","TEST-090","Product + Design + Build + Acceptance","g7-capability-matrix.csv;g7-gap-decisions.md;evidence/g7-public-api-catalog.json","BLOCKED_G7_SANDBOX_AND_APPROVAL","Product + Engineering + QA"
"FR-044","自动化版本与发布: Playbook 必须有草稿、测试、发布、暂停、回滚和版本差异，发布前显示权限、风险、预算和影响范围。","V1.5","US-044","_bmad-output/planning-artifacts/prds/prd-fleet-office-2026-08-20/prd.md;_bmad-output/planning-artifacts/ux-designs/ux-fleet-office-2026-08-20/EXPERIENCE.md;_bmad-output/planning-artifacts/ux-designs/ux-fleet-office-2026-08-20/DESIGN.md","NOT_STARTED_PRODUCT_DESIGN_GATES_BLOCKED","TEST-091;TEST-092","Product + Design + Build + Acceptance","g7-capability-matrix.csv;g7-gap-decisions.md;evidence/g7-public-api-catalog.json","BLOCKED_G7_SANDBOX_AND_APPROVAL","Product + Engineering + QA"
"FR-045","运行历史与重放: 系统必须保存每次自动化运行的输入、Context Pack、工具、审批、输出、错误和成本，支持脱离生产数据的安全重放。","V1.5","US-045","_bmad-output/planning-artifacts/prds/prd-fleet-office-2026-08-20/prd.md;_bmad-output/planning-artifacts/ux-designs/ux-fleet-office-2026-08-20/EXPERIENCE.md;_bmad-output/planning-artifacts/ux-designs/ux-fleet-office-2026-08-20/DESIGN.md","NOT_STARTED_PRODUCT_DESIGN_GATES_BLOCKED","TEST-093","Product + Design + Build + Acceptance","g7-capability-matrix.csv;g7-gap-decisions.md;evidence/g7-public-api-catalog.json","BLOCKED_G7_SANDBOX_AND_APPROVAL","Product + Engineering + QA"
"FR-046","知识库与引用: 系统必须支持 SOP、合同、SLA、手册和监管材料的版本、生效期、标签、权限、分段索引和引用位置。","V1.5","US-046","_bmad-output/planning-artifacts/prds/prd-fleet-office-2026-08-20/prd.md;_bmad-output/planning-artifacts/ux-designs/ux-fleet-office-2026-08-20/EXPERIENCE.md;_bmad-output/planning-artifacts/ux-designs/ux-fleet-office-2026-08-20/DESIGN.md","NOT_STARTED_PRODUCT_DESIGN_GATES_BLOCKED","TEST-094;TEST-095","Product + Design + Build + Acceptance","g7-capability-matrix.csv;g7-gap-decisions.md;evidence/g7-public-api-catalog.json","BLOCKED_G7_SANDBOX_AND_APPROVAL","Product + Engineering + QA"
"FR-047","知识冲突与影响: 当知识版本冲突、过期或影响现有 Playbook/Agent 时，系统必须创建治理工作并阻断高风险建议，保留旧版本可审计。","V1.5","US-047","_bmad-output/planning-artifacts/prds/prd-fleet-office-2026-08-20/prd.md;_bmad-output/planning-artifacts/ux-designs/ux-fleet-office-2026-08-20/EXPERIENCE.md;_bmad-output/planning-artifacts/ux-designs/ux-fleet-office-2026-08-20/DESIGN.md","NOT_STARTED_PRODUCT_DESIGN_GATES_BLOCKED","TEST-096","Product + Design + Build + Acceptance","g7-capability-matrix.csv;g7-gap-decisions.md;evidence/g7-public-api-catalog.json","BLOCKED_G7_SANDBOX_AND_APPROVAL","Product + Engineering + QA"
"FR-048","Agent/Skill 目录: 系统必须展示 Agent、Skill、Prompt、工具和模型路由的负责人、版本、作用域、风险级别和启停状态。","V1.5","US-048","_bmad-output/planning-artifacts/prds/prd-fleet-office-2026-08-20/prd.md;_bmad-output/planning-artifacts/ux-designs/ux-fleet-office-2026-08-20/EXPERIENCE.md;_bmad-output/planning-artifacts/ux-designs/ux-fleet-office-2026-08-20/DESIGN.md","NOT_STARTED_PRODUCT_DESIGN_GATES_BLOCKED","TEST-097","Product + Design + Build + Acceptance","g7-capability-matrix.csv;g7-gap-decisions.md;evidence/g7-public-api-catalog.json","BLOCKED_G7_SANDBOX_AND_APPROVAL","Product + Engineering + QA"
"FR-049","评估集与质量门禁: 管理员必须能维护黄金案例、数据源 schema、评分器、基准运行和版本对比，未达到证据覆盖、动作正确性或成本门槛的版本不可发布。","V1.5","US-049","_bmad-output/planning-artifacts/prds/prd-fleet-office-2026-08-20/prd.md;_bmad-output/planning-artifacts/ux-designs/ux-fleet-office-2026-08-20/EXPERIENCE.md;_bmad-output/planning-artifacts/ux-designs/ux-fleet-office-2026-08-20/DESIGN.md","NOT_STARTED_PRODUCT_DESIGN_GATES_BLOCKED","TEST-098;TEST-099","Product + Design + Build + Acceptance","g7-capability-matrix.csv;g7-gap-decisions.md;evidence/g7-public-api-catalog.json","BLOCKED_G7_SANDBOX_AND_APPROVAL","Product + Engineering + QA"
"FR-050","经营指标语义层: 系统必须统一订单、履约、准时率、空驶、利用率、维护停机、事故、成本和毛利的定义、粒度、时间口径和权限。","V2","US-050","_bmad-output/planning-artifacts/prds/prd-fleet-office-2026-08-20/prd.md;_bmad-output/planning-artifacts/ux-designs/ux-fleet-office-2026-08-20/EXPERIENCE.md;_bmad-output/planning-artifacts/ux-designs/ux-fleet-office-2026-08-20/DESIGN.md","NOT_STARTED_PRODUCT_DESIGN_GATES_BLOCKED","TEST-100","Product + Design + Build + Acceptance","g7-capability-matrix.csv;g7-gap-decisions.md;evidence/g7-public-api-catalog.json","BLOCKED_G7_SANDBOX_AND_APPROVAL","Product + Engineering + QA"
"FR-051","根因分析: 用户必须能从 KPI 下钻至客户、线路、订单、车辆、司机、事件、维护和费用证据，并区分事实、相关性和推断。","V2","US-051","_bmad-output/planning-artifacts/prds/prd-fleet-office-2026-08-20/prd.md;_bmad-output/planning-artifacts/ux-designs/ux-fleet-office-2026-08-20/EXPERIENCE.md;_bmad-output/planning-artifacts/ux-designs/ux-fleet-office-2026-08-20/DESIGN.md","NOT_STARTED_PRODUCT_DESIGN_GATES_BLOCKED","TEST-101","Product + Design + Build + Acceptance","g7-capability-matrix.csv;g7-gap-decisions.md;evidence/g7-public-api-catalog.json","BLOCKED_G7_SANDBOX_AND_APPROVAL","Product + Engineering + QA"
"FR-052","需求与容量预测: 系统必须支持按客户、区域、线路和日期预测订单量与运力需求，显示预测区间、数据新鲜度和人工调整记录。","V2","US-052","_bmad-output/planning-artifacts/prds/prd-fleet-office-2026-08-20/prd.md;_bmad-output/planning-artifacts/ux-designs/ux-fleet-office-2026-08-20/EXPERIENCE.md;_bmad-output/planning-artifacts/ux-designs/ux-fleet-office-2026-08-20/DESIGN.md","NOT_STARTED_PRODUCT_DESIGN_GATES_BLOCKED","TEST-102","Product + Design + Build + Acceptance","g7-capability-matrix.csv;g7-gap-decisions.md;evidence/g7-public-api-catalog.json","BLOCKED_G7_SANDBOX_AND_APPROVAL","Product + Engineering + QA"
"FR-053","线路与客户盈利: 系统必须估算线路、客户和车辆维度的收入、直接成本、异常成本和服务成本，显示口径和不可分摊项。","V2","US-053","_bmad-output/planning-artifacts/prds/prd-fleet-office-2026-08-20/prd.md;_bmad-output/planning-artifacts/ux-designs/ux-fleet-office-2026-08-20/EXPERIENCE.md;_bmad-output/planning-artifacts/ux-designs/ux-fleet-office-2026-08-20/DESIGN.md","NOT_STARTED_PRODUCT_DESIGN_GATES_BLOCKED","TEST-103","Product + Design + Build + Acceptance","g7-capability-matrix.csv;g7-gap-decisions.md;evidence/g7-public-api-catalog.json","BLOCKED_G7_SANDBOX_AND_APPROVAL","Product + Engineering + QA"
"FR-054","管理层日报: 系统必须生成可审阅的日/周经营简报，包含目标偏差、重要变化、风险、证据和建议动作，可导出受权限保护的版本。","V2","US-054","_bmad-output/planning-artifacts/prds/prd-fleet-office-2026-08-20/prd.md;_bmad-output/planning-artifacts/ux-designs/ux-fleet-office-2026-08-20/EXPERIENCE.md;_bmad-output/planning-artifacts/ux-designs/ux-fleet-office-2026-08-20/DESIGN.md","NOT_STARTED_PRODUCT_DESIGN_GATES_BLOCKED","TEST-104","Product + Design + Build + Acceptance","g7-capability-matrix.csv;g7-gap-decisions.md;evidence/g7-public-api-catalog.json","BLOCKED_G7_SANDBOX_AND_APPROVAL","Product + Engineering + QA"
"FR-055","优化建议闭环: 系统必须将经营建议转为场景、任务或 Playbook，记录采纳、拒绝、实际结果和回溯指标。","V2","US-055","_bmad-output/planning-artifacts/prds/prd-fleet-office-2026-08-20/prd.md;_bmad-output/planning-artifacts/ux-designs/ux-fleet-office-2026-08-20/EXPERIENCE.md;_bmad-output/planning-artifacts/ux-designs/ux-fleet-office-2026-08-20/DESIGN.md","NOT_STARTED_PRODUCT_DESIGN_GATES_BLOCKED","TEST-105","Product + Design + Build + Acceptance","g7-capability-matrix.csv;g7-gap-decisions.md;evidence/g7-public-api-catalog.json","BLOCKED_G7_SANDBOX_AND_APPROVAL","Product + Engineering + QA"
"FR-056","AI 使用与成本看板: 系统必须按租户、组织、Agent、模型、工具和业务域展示调用量、延迟、成本、失败、人工接管和收益指标。","V2","US-056","_bmad-output/planning-artifacts/prds/prd-fleet-office-2026-08-20/prd.md;_bmad-output/planning-artifacts/ux-designs/ux-fleet-office-2026-08-20/EXPERIENCE.md;_bmad-output/planning-artifacts/ux-designs/ux-fleet-office-2026-08-20/DESIGN.md","NOT_STARTED_PRODUCT_DESIGN_GATES_BLOCKED","TEST-106;TEST-107;TEST-108","Product + Design + Build + Acceptance","g7-capability-matrix.csv;g7-gap-decisions.md;evidence/g7-public-api-catalog.json","BLOCKED_G7_SANDBOX_AND_APPROVAL","Product + Engineering + QA"
"FR-057","角色工作空间配置: 系统必须按角色提供可版本化的默认首页、导航顺序、字段密度、通知策略、AI 模式和允许动作；一人多角色切换必须显式、可审计，且不得扩大原有数据范围。","V1-B","US-057","_bmad-output/planning-artifacts/prds/prd-fleet-office-2026-08-20/prd.md;_bmad-output/planning-artifacts/ux-designs/ux-fleet-office-2026-08-20/EXPERIENCE.md;_bmad-output/planning-artifacts/ux-designs/ux-fleet-office-2026-08-20/DESIGN.md","NOT_STARTED_PRODUCT_DESIGN_GATES_BLOCKED","TEST-109;TEST-110;TEST-111","Product + Design + Build + Acceptance","g7-capability-matrix.csv;g7-gap-decisions.md;evidence/g7-public-api-catalog.json","BLOCKED_G7_SANDBOX_AND_APPROVAL","Product + Engineering + QA"
"FR-058","经营驾驶舱: 物流老板必须能查看目标偏差、现金/毛利、客户集中度、资产利用、重大风险和改善任务结果；每个摘要必须带口径、时间、新鲜度并可下钻到有权限的证据。","V1-B","US-058","_bmad-output/planning-artifacts/prds/prd-fleet-office-2026-08-20/prd.md;_bmad-output/planning-artifacts/ux-designs/ux-fleet-office-2026-08-20/EXPERIENCE.md;_bmad-output/planning-artifacts/ux-designs/ux-fleet-office-2026-08-20/DESIGN.md","NOT_STARTED_PRODUCT_DESIGN_GATES_BLOCKED","TEST-112;TEST-113;TEST-114","Product + Design + Build + Acceptance","g7-capability-matrix.csv;g7-gap-decisions.md;evidence/g7-public-api-catalog.json","BLOCKED_G7_SANDBOX_AND_APPROVAL","Product + Engineering + QA"
"FR-059","班次控制台: 车队长必须能按班次查看出勤司机、资格/工时、车辆就绪、维护占用、任务需求、现场事项和遗留工作，处理缺口后发布班次并发起交接。","V1-B","US-059","_bmad-output/planning-artifacts/prds/prd-fleet-office-2026-08-20/prd.md;_bmad-output/planning-artifacts/ux-designs/ux-fleet-office-2026-08-20/EXPERIENCE.md;_bmad-output/planning-artifacts/ux-designs/ux-fleet-office-2026-08-20/DESIGN.md","NOT_STARTED_PRODUCT_DESIGN_GATES_BLOCKED","TEST-115;TEST-116;TEST-117","Product + Design + Build + Acceptance","g7-capability-matrix.csv;g7-gap-decisions.md;evidence/g7-public-api-catalog.json","BLOCKED_G7_SANDBOX_AND_APPROVAL","Product + Engineering + QA"
"FR-060","履约工作箱: 物流专员必须能在统一队列中按订单生命周期处理缺字段、客户确认、单证、回单、异常和结算阻塞；拆单/合单不得丢失原证据和未解决责任。","V1-B","US-060","_bmad-output/planning-artifacts/prds/prd-fleet-office-2026-08-20/prd.md;_bmad-output/planning-artifacts/ux-designs/ux-fleet-office-2026-08-20/EXPERIENCE.md;_bmad-output/planning-artifacts/ux-designs/ux-fleet-office-2026-08-20/DESIGN.md","NOT_STARTED_PRODUCT_DESIGN_GATES_BLOCKED","TEST-118;TEST-119;TEST-120","Product + Design + Build + Acceptance","g7-capability-matrix.csv;g7-gap-decisions.md;evidence/g7-public-api-catalog.json","BLOCKED_G7_SANDBOX_AND_APPROVAL","Product + Engineering + QA"
"FR-061","调度排程板: 调度员必须能以时间轴为主、地图为证据、候选比较为操作面完成排程；选择车辆/司机时创建有期限的资源锁，发布前重新校验版本；批量发布部分失败不得重复成功项。","V1-B","US-061","_bmad-output/planning-artifacts/prds/prd-fleet-office-2026-08-20/prd.md;_bmad-output/planning-artifacts/ux-designs/ux-fleet-office-2026-08-20/EXPERIENCE.md;_bmad-output/planning-artifacts/ux-designs/ux-fleet-office-2026-08-20/DESIGN.md","NOT_STARTED_PRODUCT_DESIGN_GATES_BLOCKED","TEST-121;TEST-122;TEST-123;TEST-124","Product + Design + Build + Acceptance","g7-capability-matrix.csv;g7-gap-decisions.md;evidence/g7-public-api-catalog.json","BLOCKED_G7_SANDBOX_AND_APPROVAL","Product + Engineering + QA"
"FR-062","业务交接: 系统必须提供 待接收/已接受/已退回/处理中/待复核/已完成/已超时 的交接状态，记录交出人、接收人、班次、作用域、遗留问题、SLA 和升级路径；代理关系必须有时间窗和原因。","V1-B","US-062","_bmad-output/planning-artifacts/prds/prd-fleet-office-2026-08-20/prd.md;_bmad-output/planning-artifacts/ux-designs/ux-fleet-office-2026-08-20/EXPERIENCE.md;_bmad-output/planning-artifacts/ux-designs/ux-fleet-office-2026-08-20/DESIGN.md","NOT_STARTED_PRODUCT_DESIGN_GATES_BLOCKED","TEST-125;TEST-126;TEST-127","Product + Design + Build + Acceptance","g7-capability-matrix.csv;g7-gap-decisions.md;evidence/g7-public-api-catalog.json","BLOCKED_G7_SANDBOX_AND_APPROVAL","Product + Engineering + QA"
"FR-063","司机任务与站点: Driver Companion 必须向司机展示当前/下一任务、站点顺序、时窗、联系人、必要货物与安全要求，并支持接单、到场、离场和任务完成。","V1-B","US-063","_bmad-output/planning-artifacts/prds/prd-fleet-office-2026-08-20/prd.md;_bmad-output/planning-artifacts/ux-designs/ux-fleet-office-2026-08-20/EXPERIENCE.md;_bmad-output/planning-artifacts/ux-designs/ux-fleet-office-2026-08-20/DESIGN.md","NOT_STARTED_PRODUCT_DESIGN_GATES_BLOCKED","TEST-128;TEST-129;TEST-130","Product + Design + Build + Acceptance","g7-capability-matrix.csv;g7-gap-decisions.md;evidence/g7-public-api-catalog.json","BLOCKED_G7_SANDBOX_AND_APPROVAL","Product + Engineering + QA"
"FR-064","司机异常、消息与回单: 司机必须能结构化上报延误、车辆、货物、安全和无法联系等异常，接收运营消息并提交照片/签名/备注等回单；所有记录关联任务、位置/时间和设备会话。","V1-B","US-064","_bmad-output/planning-artifacts/prds/prd-fleet-office-2026-08-20/prd.md;_bmad-output/planning-artifacts/ux-designs/ux-fleet-office-2026-08-20/EXPERIENCE.md;_bmad-output/planning-artifacts/ux-designs/ux-fleet-office-2026-08-20/DESIGN.md","NOT_STARTED_PRODUCT_DESIGN_GATES_BLOCKED","TEST-131;TEST-132;TEST-133","Product + Design + Build + Acceptance","g7-capability-matrix.csv;g7-gap-decisions.md;evidence/g7-public-api-catalog.json","BLOCKED_G7_SANDBOX_AND_APPROVAL","Product + Engineering + QA"
"FR-065","司机离线命令: Driver Companion 必须在弱网/断网时本地排队允许的任务命令和附件引用，使用设备 ID、本地命令 ID 与幂等键补传；冲突、重复和超期命令必须向司机与运营显示结果。","V1-B","US-065","_bmad-output/planning-artifacts/prds/prd-fleet-office-2026-08-20/prd.md;_bmad-output/planning-artifacts/ux-designs/ux-fleet-office-2026-08-20/EXPERIENCE.md;_bmad-output/planning-artifacts/ux-designs/ux-fleet-office-2026-08-20/DESIGN.md","NOT_STARTED_PRODUCT_DESIGN_GATES_BLOCKED","TEST-134;TEST-135;TEST-136","Product + Design + Build + Acceptance","g7-capability-matrix.csv;g7-gap-decisions.md;evidence/g7-public-api-catalog.json","BLOCKED_G7_SANDBOX_AND_APPROVAL","Product + Engineering + QA"
"FR-066","驾驶安全模式: 车辆处于运动状态时，Driver Companion 必须禁用文字输入、复杂表单和需要持续视觉关注的操作，只保留语音提示、外部导航、安全确认和紧急上报；无法可靠判断运动状态时采用可配置的保守策略。","V1-B","US-066","_bmad-output/planning-artifacts/prds/prd-fleet-office-2026-08-20/prd.md;_bmad-output/planning-artifacts/ux-designs/ux-fleet-office-2026-08-20/EXPERIENCE.md;_bmad-output/planning-artifacts/ux-designs/ux-fleet-office-2026-08-20/DESIGN.md","NOT_STARTED_PRODUCT_DESIGN_GATES_BLOCKED","TEST-137;TEST-138;TEST-139","Product + Design + Build + Acceptance","g7-capability-matrix.csv;g7-gap-decisions.md;evidence/g7-public-api-catalog.json","BLOCKED_G7_SANDBOX_AND_APPROVAL","Product + Engineering + QA"
"FR-067","角色 AI 策略: 系统必须按角色限制默认 Agent 模式、可读上下文、可调用工具、输出结构和审批能力；司机端只提供任务范围内的只读/结构化 Copilot，不显示 Agent 控制台或高风险工具。","V1-B","US-067","_bmad-output/planning-artifacts/prds/prd-fleet-office-2026-08-20/prd.md;_bmad-output/planning-artifacts/ux-designs/ux-fleet-office-2026-08-20/EXPERIENCE.md;_bmad-output/planning-artifacts/ux-designs/ux-fleet-office-2026-08-20/DESIGN.md","NOT_STARTED_PRODUCT_DESIGN_GATES_BLOCKED","TEST-140;TEST-141;TEST-142","Product + Design + Build + Acceptance","g7-capability-matrix.csv;g7-gap-decisions.md;evidence/g7-public-api-catalog.json","BLOCKED_G7_SANDBOX_AND_APPROVAL","Product + Engineering + QA"
"FR-068","身份、替班与设备会话: 系统必须支持自营/外协司机、临时替班、一人多角色和值班代理；设备会话只绑定当前有效身份和任务，换人/换车时轻量重新认证并保留前后责任边界。","V1-B","US-068","_bmad-output/planning-artifacts/prds/prd-fleet-office-2026-08-20/prd.md;_bmad-output/planning-artifacts/ux-designs/ux-fleet-office-2026-08-20/EXPERIENCE.md;_bmad-output/planning-artifacts/ux-designs/ux-fleet-office-2026-08-20/DESIGN.md","NOT_STARTED_PRODUCT_DESIGN_GATES_BLOCKED","TEST-143;TEST-144;TEST-145","Product + Design + Build + Acceptance","g7-capability-matrix.csv;g7-gap-decisions.md;evidence/g7-public-api-catalog.json","BLOCKED_G7_SANDBOX_AND_APPROVAL","Product + Engineering + QA"
"FR-069","混合资产目录: 系统必须分别管理车辆、挂车、非动力资产、车载设备和传感器，支持组织、标签、外部 ID、当前关系、历史关系和使用状态；不得用单一“车辆类型”字段承载不同资产生命周期。","V1-B","US-069","_bmad-output/planning-artifacts/prds/prd-fleet-office-2026-08-20/prd.md;_bmad-output/planning-artifacts/ux-designs/ux-fleet-office-2026-08-20/EXPERIENCE.md;_bmad-output/planning-artifacts/ux-designs/ux-fleet-office-2026-08-20/DESIGN.md","NOT_STARTED_PRODUCT_DESIGN_GATES_BLOCKED","MISSING_EXISTING_TEST_ID","Product + Design + Build + Acceptance","g7-capability-matrix.csv;g7-gap-decisions.md;evidence/g7-public-api-catalog.json","BLOCKED_TEST_CONTRACT_MISSING","Product + Engineering + QA"
"FR-070","车辆运营总览: 车队长和车务人员必须能按组织、班次、可用性、位置新鲜度、健康、检查、维护、证照和任务占用筛选车辆；每辆车必须展示当前运输、下一占用、阻塞原因和明确下一动作。","V1-B","US-069","_bmad-output/planning-artifacts/prds/prd-fleet-office-2026-08-20/prd.md;_bmad-output/planning-artifacts/ux-designs/ux-fleet-office-2026-08-20/EXPERIENCE.md;_bmad-output/planning-artifacts/ux-designs/ux-fleet-office-2026-08-20/DESIGN.md","NOT_STARTED_PRODUCT_DESIGN_GATES_BLOCKED","MISSING_EXISTING_TEST_ID","Product + Design + Build + Acceptance","g7-capability-matrix.csv;g7-gap-decisions.md;evidence/g7-public-api-catalog.json","BLOCKED_TEST_CONTRACT_MISSING","Product + Engineering + QA"
"FR-071","车辆检查与缺陷: Driver Companion 和车务工作面必须支持班前、班后和专项检查，记录检查表版本、设备会话、里程/工时、图片、缺陷和司机声明；缺陷必须进入 待判断/限制运行/已转工单/已解决 状态，不得只作为附件归档。","V1-B","US-070","_bmad-output/planning-artifacts/prds/prd-fleet-office-2026-08-20/prd.md;_bmad-output/planning-artifacts/ux-designs/ux-fleet-office-2026-08-20/EXPERIENCE.md;_bmad-output/planning-artifacts/ux-designs/ux-fleet-office-2026-08-20/DESIGN.md","NOT_STARTED_PRODUCT_DESIGN_GATES_BLOCKED","MISSING_EXISTING_TEST_ID","Product + Design + Build + Acceptance","g7-capability-matrix.csv;g7-gap-decisions.md;evidence/g7-public-api-catalog.json","BLOCKED_TEST_CONTRACT_MISSING","Product + Engineering + QA"
"FR-072","车辆健康与派车门禁: 系统必须聚合故障码、检查缺陷、维护逾期、证照资格、安全限制和人工停驶，形成带来源、严重度和有效期的车辆可用性投影；派车前必须重新校验，警告与硬阻塞分开显示。","V1-B","US-070","_bmad-output/planning-artifacts/prds/prd-fleet-office-2026-08-20/prd.md;_bmad-output/planning-artifacts/ux-designs/ux-fleet-office-2026-08-20/EXPERIENCE.md;_bmad-output/planning-artifacts/ux-designs/ux-fleet-office-2026-08-20/DESIGN.md","NOT_STARTED_PRODUCT_DESIGN_GATES_BLOCKED","MISSING_EXISTING_TEST_ID","Product + Design + Build + Acceptance","g7-capability-matrix.csv;g7-gap-decisions.md;evidence/g7-public-api-catalog.json","BLOCKED_TEST_CONTRACT_MISSING","Product + Engineering + QA"
"FR-073","保养计划与提醒: 系统必须支持按时间、里程、发动机工时或其组合建立保养计划和提前阈值；提醒可批量分派、暂缓和转工单，暂缓必须记录理由、责任人和新的到期条件。","V1-B","US-071","_bmad-output/planning-artifacts/prds/prd-fleet-office-2026-08-20/prd.md;_bmad-output/planning-artifacts/ux-designs/ux-fleet-office-2026-08-20/EXPERIENCE.md;_bmad-output/planning-artifacts/ux-designs/ux-fleet-office-2026-08-20/DESIGN.md","NOT_STARTED_PRODUCT_DESIGN_GATES_BLOCKED","MISSING_EXISTING_TEST_ID","Product + Design + Build + Acceptance","g7-capability-matrix.csv;g7-gap-decisions.md;evidence/g7-public-api-catalog.json","BLOCKED_TEST_CONTRACT_MISSING","Product + Engineering + QA"
"FR-074","维修工单生命周期: 车务人员必须能从车辆、缺陷、故障或保养提醒创建维修工单，维护 待审批/已排程/维修中/待验收/已完成/取消 状态，并记录问题、原因、措施、服务任务、计划/实际时间、附件和停机影响。","V1-B","US-071","_bmad-output/planning-artifacts/prds/prd-fleet-office-2026-08-20/prd.md;_bmad-output/planning-artifacts/ux-designs/ux-fleet-office-2026-08-20/EXPERIENCE.md;_bmad-output/planning-artifacts/ux-designs/ux-fleet-office-2026-08-20/DESIGN.md","NOT_STARTED_PRODUCT_DESIGN_GATES_BLOCKED","MISSING_EXISTING_TEST_ID","Product + Design + Build + Acceptance","g7-capability-matrix.csv;g7-gap-decisions.md;evidence/g7-public-api-catalog.json","BLOCKED_TEST_CONTRACT_MISSING","Product + Engineering + QA"
"FR-075","维修资源与成本: 维修工单必须支持配件、库存地点、领用/退回、技师、人工工时、供应商、报价、保修和费用行；完工后成本进入车辆服务历史和经营语义层，不得覆盖来源票据。","V1-B","US-071","_bmad-output/planning-artifacts/prds/prd-fleet-office-2026-08-20/prd.md;_bmad-output/planning-artifacts/ux-designs/ux-fleet-office-2026-08-20/EXPERIENCE.md;_bmad-output/planning-artifacts/ux-designs/ux-fleet-office-2026-08-20/DESIGN.md","NOT_STARTED_PRODUCT_DESIGN_GATES_BLOCKED","MISSING_EXISTING_TEST_ID","Product + Design + Build + Acceptance","g7-capability-matrix.csv;g7-gap-decisions.md;evidence/g7-public-api-catalog.json","BLOCKED_TEST_CONTRACT_MISSING","Product + Engineering + QA"
"FR-076","完工放行与运力重算: 维修完成必须经过验收和可行驶确认，自动解决关联缺陷/提醒、重算下次保养、更新车辆可用性，并列出受影响班次和运输段；解除停驶属于受审计动作，高风险停驶/放行按 R3 复核。","V1-B","US-072","_bmad-output/planning-artifacts/prds/prd-fleet-office-2026-08-20/prd.md;_bmad-output/planning-artifacts/ux-designs/ux-fleet-office-2026-08-20/EXPERIENCE.md;_bmad-output/planning-artifacts/ux-designs/ux-fleet-office-2026-08-20/DESIGN.md","NOT_STARTED_PRODUCT_DESIGN_GATES_BLOCKED","MISSING_EXISTING_TEST_ID","Product + Design + Build + Acceptance","g7-capability-matrix.csv;g7-gap-decisions.md;evidence/g7-public-api-catalog.json","BLOCKED_TEST_CONTRACT_MISSING","Product + Engineering + QA"
"FR-077","安全辅导与改善: 系统必须将驾驶行为、视频、风险评分、历史干预、培训和复发情况组成司机安全档案；安全案件可生成辅导/培训任务，完成后跟踪确认、复发和改善结果，不以单次关闭替代效果验证。","V1-B","US-073","_bmad-output/planning-artifacts/prds/prd-fleet-office-2026-08-20/prd.md;_bmad-output/planning-artifacts/ux-designs/ux-fleet-office-2026-08-20/EXPERIENCE.md;_bmad-output/planning-artifacts/ux-designs/ux-fleet-office-2026-08-20/DESIGN.md","NOT_STARTED_PRODUCT_DESIGN_GATES_BLOCKED","MISSING_EXISTING_TEST_ID","Product + Design + Build + Acceptance","g7-capability-matrix.csv;g7-gap-decisions.md;evidence/g7-public-api-catalog.json","BLOCKED_TEST_CONTRACT_MISSING","Product + Engineering + QA"
"FR-078","油能运营: 系统必须按车辆、司机、运输段和时间展示油耗/电耗、怠速、加油/充电、里程和单位能耗，区分 G7/设备事实、卡交易、人工录入和推算值，并标注缺口与置信度。","V1-B","US-074","_bmad-output/planning-artifacts/prds/prd-fleet-office-2026-08-20/prd.md;_bmad-output/planning-artifacts/ux-designs/ux-fleet-office-2026-08-20/EXPERIENCE.md;_bmad-output/planning-artifacts/ux-designs/ux-fleet-office-2026-08-20/DESIGN.md","NOT_STARTED_PRODUCT_DESIGN_GATES_BLOCKED","MISSING_EXISTING_TEST_ID","Product + Design + Build + Acceptance","g7-capability-matrix.csv;g7-gap-decisions.md;evidence/g7-public-api-catalog.json","BLOCKED_TEST_CONTRACT_MISSING","Product + Engineering + QA"
"FR-079","油能与支出异常: 系统必须识别位置与交易不一致、油箱变化与加油量不一致、异常频次、非任务时段消费和重复交易，将结果转为可调查案件；系统不得仅凭模型判断直接认定舞弊或冻结司机。","V1-B","US-074","_bmad-output/planning-artifacts/prds/prd-fleet-office-2026-08-20/prd.md;_bmad-output/planning-artifacts/ux-designs/ux-fleet-office-2026-08-20/EXPERIENCE.md;_bmad-output/planning-artifacts/ux-designs/ux-fleet-office-2026-08-20/DESIGN.md","NOT_STARTED_PRODUCT_DESIGN_GATES_BLOCKED","MISSING_EXISTING_TEST_ID","Product + Design + Build + Acceptance","g7-capability-matrix.csv;g7-gap-decisions.md;evidence/g7-public-api-catalog.json","BLOCKED_TEST_CONTRACT_MISSING","Product + Engineering + QA"
"FR-080","利用率与全生命周期成本: 系统必须按车辆、车型、组织和线路计算利用率、空驶、停机、维修、油能、保险/证照和折旧等成本，显示口径、缺失数据和不可分摊项，并可下钻到订单、工单和原始凭证。","V1-B","US-074","_bmad-output/planning-artifacts/prds/prd-fleet-office-2026-08-20/prd.md;_bmad-output/planning-artifacts/ux-designs/ux-fleet-office-2026-08-20/EXPERIENCE.md;_bmad-output/planning-artifacts/ux-designs/ux-fleet-office-2026-08-20/DESIGN.md","NOT_STARTED_PRODUCT_DESIGN_GATES_BLOCKED","MISSING_EXISTING_TEST_ID","Product + Design + Build + Acceptance","g7-capability-matrix.csv;g7-gap-decisions.md;evidence/g7-public-api-catalog.json","BLOCKED_TEST_CONTRACT_MISSING","Product + Engineering + QA"
"FR-081","跨域影响传播: 车辆被锁定、限制运行、停驶、进入维修或恢复可用时，系统必须重新计算关联派车、在途运输、未来班次、客户承诺和替代资源，生成有责任人和最晚处理时间的影响工作。","V1-B","US-072","_bmad-output/planning-artifacts/prds/prd-fleet-office-2026-08-20/prd.md;_bmad-output/planning-artifacts/ux-designs/ux-fleet-office-2026-08-20/EXPERIENCE.md;_bmad-output/planning-artifacts/ux-designs/ux-fleet-office-2026-08-20/DESIGN.md","NOT_STARTED_PRODUCT_DESIGN_GATES_BLOCKED","MISSING_EXISTING_TEST_ID","Product + Design + Build + Acceptance","g7-capability-matrix.csv;g7-gap-decisions.md;evidence/g7-public-api-catalog.json","BLOCKED_TEST_CONTRACT_MISSING","Product + Engineering + QA"
"FR-082","车辆运营智能能力: 系统必须提供车辆就绪检查、缺陷分诊、维修诊断、油能审计、安全调查和利用率分析等对象化智能能力；这些能力复用 AgentThread、Context Pack、Tool Registry、R0-R3 审批和写后回读，不得建立绕过业务服务的第二套 AI 写入通道。","V1-C","US-074","_bmad-output/planning-artifacts/prds/prd-fleet-office-2026-08-20/prd.md;_bmad-output/planning-artifacts/ux-designs/ux-fleet-office-2026-08-20/EXPERIENCE.md;_bmad-output/planning-artifacts/ux-designs/ux-fleet-office-2026-08-20/DESIGN.md","NOT_STARTED_PRODUCT_DESIGN_GATES_BLOCKED","MISSING_EXISTING_TEST_ID","Product + Design + Build + Acceptance","g7-capability-matrix.csv;g7-gap-decisions.md;evidence/g7-public-api-catalog.json","BLOCKED_TEST_CONTRACT_MISSING","Product + Engineering + QA"
"NFR-001","性能与新鲜度: 在正常依赖条件下，“今天”首次可用内容 p95 不超过 2 秒，命令搜索 p95 不超过 500 毫秒；事件 Feed 从 G7 可见到工作流可见的目标 p95 不超过 60 秒。上述目标需在真实租户数据量压测后校准。","Foundation 0","US-003;US-004","_bmad-output/planning-artifacts/prds/prd-fleet-office-2026-08-20/prd.md;_bmad-output/planning-artifacts/architecture/architecture-fleet-office-2026-08-20/architecture.md","NOT_STARTED_PRODUCT_DESIGN_GATES_BLOCKED","TEST-007;TEST-008;TEST-009;TEST-010;TEST-011;TEST-012","Build + Security + Acceptance + Release","traceability.csv;release-plan.md","BLOCKED_IMPLEMENTATION_AND_MEASURED_EVIDENCE","Engineering + SRE + Security + QA"
"NFR-002","可用性与降级: 核心办公读写月可用性目标 99.9%；G7 暂时不可用不得阻断本地任务查看与处置记录，系统必须显示最后同步时间和影响范围。","Foundation 0","US-003;US-008","_bmad-output/planning-artifacts/prds/prd-fleet-office-2026-08-20/prd.md;_bmad-output/planning-artifacts/architecture/architecture-fleet-office-2026-08-20/architecture.md","NOT_STARTED_PRODUCT_DESIGN_GATES_BLOCKED","TEST-007;TEST-008;TEST-009;TEST-021;TEST-022;TEST-023","Build + Security + Acceptance + Release","traceability.csv;release-plan.md","BLOCKED_IMPLEMENTATION_AND_MEASURED_EVIDENCE","Engineering + SRE + Security + QA"
"NFR-003","安全与隐私: G7 access key、签名材料及租户代码只在服务端使用；传输与静态数据加密；默认最小权限；位置、身份和媒体支持脱敏；日志不得记录密钥或完整敏感字段。","Foundation 0","US-001;US-012","_bmad-output/planning-artifacts/prds/prd-fleet-office-2026-08-20/prd.md;_bmad-output/planning-artifacts/architecture/architecture-fleet-office-2026-08-20/architecture.md","NOT_STARTED_PRODUCT_DESIGN_GATES_BLOCKED","TEST-001;TEST-002;TEST-003;TEST-032;TEST-033;TEST-034","Build + Security + Acceptance + Release","traceability.csv;release-plan.md","BLOCKED_IMPLEMENTATION_AND_MEASURED_EVIDENCE","Engineering + SRE + Security + QA"
"NFR-004","一致性与幂等: 外部接入采用至少一次处理，使用租户、来源、外部 ID/游标/请求 ID 组合去重；同一命令重试不得产生重复任务或重复绑定。","Foundation 0","US-002;US-006;US-009;US-023","_bmad-output/planning-artifacts/prds/prd-fleet-office-2026-08-20/prd.md;_bmad-output/planning-artifacts/architecture/architecture-fleet-office-2026-08-20/architecture.md","NOT_STARTED_PRODUCT_DESIGN_GATES_BLOCKED","TEST-004;TEST-005;TEST-006;TEST-015;TEST-016;TEST-017;TEST-024;TEST-025;TEST-026;TEST-062;TEST-063","Build + Security + Acceptance + Release","traceability.csv;release-plan.md","BLOCKED_IMPLEMENTATION_AND_MEASURED_EVIDENCE","Engineering + SRE + Security + QA"
"NFR-005","可观测性: 每次用户动作到 G7 请求必须可通过 request ID/trace ID 关联；监控外部请求成功率、延迟、限流、游标滞后、死信、事实新鲜度和任务同步积压。","Foundation 0","US-001;US-008;US-009;US-016;US-023","_bmad-output/planning-artifacts/prds/prd-fleet-office-2026-08-20/prd.md;_bmad-output/planning-artifacts/architecture/architecture-fleet-office-2026-08-20/architecture.md","NOT_STARTED_PRODUCT_DESIGN_GATES_BLOCKED","TEST-001;TEST-002;TEST-003;TEST-021;TEST-022;TEST-023;TEST-024;TEST-025;TEST-026;TEST-043;TEST-044;TEST-045;TEST-062;TEST-063","Build + Security + Acceptance + Release","traceability.csv;release-plan.md","BLOCKED_IMPLEMENTATION_AND_MEASURED_EVIDENCE","Engineering + SRE + Security + QA"
"NFR-006","可访问性与兼容性: 核心流程达到 WCAG 2.2 AA 可操作基线；完整键盘导航、可见焦点、非颜色唯一编码、屏幕阅读器名称；支持当前及前一主版本 Chrome/Edge，1440px 桌面为主，1024px 平板可用。","Foundation 0","US-004","_bmad-output/planning-artifacts/prds/prd-fleet-office-2026-08-20/prd.md;_bmad-output/planning-artifacts/architecture/architecture-fleet-office-2026-08-20/architecture.md","NOT_STARTED_PRODUCT_DESIGN_GATES_BLOCKED","TEST-010;TEST-011;TEST-012","Build + Security + Acceptance + Release","traceability.csv;release-plan.md","BLOCKED_IMPLEMENTATION_AND_MEASURED_EVIDENCE","Engineering + SRE + Security + QA"
"NFR-007","数据生命周期: 租户可配置业务任务和审计留存期，但法定/合同要求优先；删除采用可恢复软删除与审批，外部事实的删除请求必须记录执行结果；导出与删除均可追踪。","Foundation 0","US-001;US-012;US-015;US-016","_bmad-output/planning-artifacts/prds/prd-fleet-office-2026-08-20/prd.md;_bmad-output/planning-artifacts/architecture/architecture-fleet-office-2026-08-20/architecture.md","NOT_STARTED_PRODUCT_DESIGN_GATES_BLOCKED","TEST-001;TEST-002;TEST-003;TEST-032;TEST-033;TEST-034;TEST-040;TEST-041;TEST-042;TEST-043;TEST-044;TEST-045","Build + Security + Acceptance + Release","traceability.csv;release-plan.md","BLOCKED_IMPLEMENTATION_AND_MEASURED_EVIDENCE","Engineering + SRE + Security + QA"
"NFR-008","容量与配额: 每租户必须有查询并发、历史窗口、导出规模和媒体访问配额；接近限制时提前提示，超过限制时返回可行动的错误，不通过无限重试放大 G7 压力。","Foundation 0","US-015;US-016","_bmad-output/planning-artifacts/prds/prd-fleet-office-2026-08-20/prd.md;_bmad-output/planning-artifacts/architecture/architecture-fleet-office-2026-08-20/architecture.md","NOT_STARTED_PRODUCT_DESIGN_GATES_BLOCKED","TEST-040;TEST-041;TEST-042;TEST-043;TEST-044;TEST-045","Build + Security + Acceptance + Release","traceability.csv;release-plan.md","BLOCKED_IMPLEMENTATION_AND_MEASURED_EVIDENCE","Engineering + SRE + Security + QA"
"NFR-009","Agent 安全与边界: 模型上下文必须经过租户/组织/标签权限过滤和敏感字段脱敏；工具白名单、网络范围、写入范围与审批策略独立配置；R2/R3 未批准执行数为 0，所有拒绝和越权尝试可审计。","V1-C / release gate","US-017;US-019;US-021","_bmad-output/planning-artifacts/prds/prd-fleet-office-2026-08-20/prd.md;_bmad-output/planning-artifacts/architecture/architecture-fleet-office-2026-08-20/architecture.md","NOT_STARTED_PRODUCT_DESIGN_GATES_BLOCKED","TEST-046;TEST-047;TEST-048;TEST-052;TEST-053;TEST-054;TEST-057;TEST-058;TEST-059","Build + Security + Acceptance + Release","traceability.csv;release-plan.md","BLOCKED_IMPLEMENTATION_AND_MEASURED_EVIDENCE","Engineering + SRE + Security + QA"
"NFR-010","Agent 可验证性: Agent 输出的事实引用覆盖率必须为 100%；每个建议必须区分事实、推断和未知，并能回放来源、版本、时间、新鲜度、工具输入摘要和写后回读。不得把隐藏思维链作为用户界面或审计材料。","V1-C / release gate","US-018;US-022;US-023;US-024","_bmad-output/planning-artifacts/prds/prd-fleet-office-2026-08-20/prd.md;_bmad-output/planning-artifacts/architecture/architecture-fleet-office-2026-08-20/architecture.md","NOT_STARTED_PRODUCT_DESIGN_GATES_BLOCKED","TEST-049;TEST-050;TEST-051;TEST-060;TEST-061;TEST-062;TEST-063;TEST-064;TEST-065","Build + Security + Acceptance + Release","traceability.csv;release-plan.md","BLOCKED_IMPLEMENTATION_AND_MEASURED_EVIDENCE","Engineering + SRE + Security + QA"
"NFR-011","Agent 性能与成本: R0 查询首个证据流 p95 不超过 3 秒，R1 草稿 p95 不超过 8 秒；并行专家必须有租户级 token、工具调用和媒体访问配额，达到预算时降级为结构化人工流程。","V1-C / release gate","US-019;US-020;US-022;US-024","_bmad-output/planning-artifacts/prds/prd-fleet-office-2026-08-20/prd.md;_bmad-output/planning-artifacts/architecture/architecture-fleet-office-2026-08-20/architecture.md","NOT_STARTED_PRODUCT_DESIGN_GATES_BLOCKED","TEST-052;TEST-053;TEST-054;TEST-055;TEST-056;TEST-060;TEST-061;TEST-064;TEST-065","Build + Security + Acceptance + Release","traceability.csv;release-plan.md","BLOCKED_IMPLEMENTATION_AND_MEASURED_EVIDENCE","Engineering + SRE + Security + QA"
"NFR-012","Agent 连续性: 线程事件采用追加写入；浏览器刷新、网络中断或班次切换后 30 秒内可恢复最近一次已持久化状态。长线程压缩必须保留对象作用域、关键事实、未解决问题、审批状态和审计引用。","V1-C / release gate","US-017;US-020;US-024","_bmad-output/planning-artifacts/prds/prd-fleet-office-2026-08-20/prd.md;_bmad-output/planning-artifacts/architecture/architecture-fleet-office-2026-08-20/architecture.md","NOT_STARTED_PRODUCT_DESIGN_GATES_BLOCKED","TEST-046;TEST-047;TEST-048;TEST-055;TEST-056;TEST-064;TEST-065","Build + Security + Acceptance + Release","traceability.csv;release-plan.md","BLOCKED_IMPLEMENTATION_AND_MEASURED_EVIDENCE","Engineering + SRE + Security + QA"
"NFR-013","业务域一致性: 订单、派车、客户、结算、维护和案件状态必须使用显式状态机；跨域更新采用幂等命令和事件关联，不允许仪表盘直接改写事实。","V1-C / release gate","US-025;US-034","_bmad-output/planning-artifacts/prds/prd-fleet-office-2026-08-20/prd.md;_bmad-output/planning-artifacts/architecture/architecture-fleet-office-2026-08-20/architecture.md","NOT_STARTED_PRODUCT_DESIGN_GATES_BLOCKED","TEST-066;TEST-067;TEST-078;TEST-079","Build + Security + Acceptance + Release","traceability.csv;release-plan.md","BLOCKED_IMPLEMENTATION_AND_MEASURED_EVIDENCE","Engineering + SRE + Security + QA"
"NFR-014","任务与查询性能: 今天工作台首屏 p95 不超过 2 秒；订单列表、对象搜索和异常影响图 p95 不超过 3 秒；预测、对账和批量 OCR 采用异步任务并显示进度。","V1-C / release gate","US-025;US-052","_bmad-output/planning-artifacts/prds/prd-fleet-office-2026-08-20/prd.md;_bmad-output/planning-artifacts/architecture/architecture-fleet-office-2026-08-20/architecture.md","NOT_STARTED_PRODUCT_DESIGN_GATES_BLOCKED","TEST-066;TEST-067;TEST-102","Build + Security + Acceptance + Release","traceability.csv;release-plan.md","BLOCKED_IMPLEMENTATION_AND_MEASURED_EVIDENCE","Engineering + SRE + Security + QA"
"NFR-015","AI 可组合性: Agent、Skill、Tool、知识和模型路由必须可独立版本化、灰度、回滚和按租户启停；运行记录必须能区分模型版本和工具版本。","V1-C / release gate","US-044;US-048;US-049;US-056","_bmad-output/planning-artifacts/prds/prd-fleet-office-2026-08-20/prd.md;_bmad-output/planning-artifacts/architecture/architecture-fleet-office-2026-08-20/architecture.md","NOT_STARTED_PRODUCT_DESIGN_GATES_BLOCKED","TEST-091;TEST-092;TEST-097;TEST-098;TEST-099;TEST-106;TEST-107;TEST-108","Build + Security + Acceptance + Release","traceability.csv;release-plan.md","BLOCKED_IMPLEMENTATION_AND_MEASURED_EVIDENCE","Engineering + SRE + Security + QA"
"NFR-016","自动化安全: Playbook 运行必须经过权限、预算、风险和数据范围检查；R2/R3 动作默认不自动执行，失败时有界重试、补偿和人工接管。","V1-C / release gate","US-043;US-045","_bmad-output/planning-artifacts/prds/prd-fleet-office-2026-08-20/prd.md;_bmad-output/planning-artifacts/architecture/architecture-fleet-office-2026-08-20/architecture.md","NOT_STARTED_PRODUCT_DESIGN_GATES_BLOCKED","TEST-090;TEST-093","Build + Security + Acceptance + Release","traceability.csv;release-plan.md","BLOCKED_IMPLEMENTATION_AND_MEASURED_EVIDENCE","Engineering + SRE + Security + QA"
"NFR-017","知识新鲜度: 知识项必须带生效/失效时间、来源和版本；高风险回答引用覆盖率 100%，过期或冲突知识不得被静默使用。","V1-C / release gate","US-046;US-047","_bmad-output/planning-artifacts/prds/prd-fleet-office-2026-08-20/prd.md;_bmad-output/planning-artifacts/architecture/architecture-fleet-office-2026-08-20/architecture.md","NOT_STARTED_PRODUCT_DESIGN_GATES_BLOCKED","TEST-094;TEST-095;TEST-096","Build + Security + Acceptance + Release","traceability.csv;release-plan.md","BLOCKED_IMPLEMENTATION_AND_MEASURED_EVIDENCE","Engineering + SRE + Security + QA"
"NFR-018","经营口径可重现: 所有指标、预测和利润结果必须保存口径版本、输入快照、计算时间、过滤条件和数据血缘，支持同一版本重算。","V1-C / release gate","US-033;US-041;US-050;US-052;US-053;US-058","_bmad-output/planning-artifacts/prds/prd-fleet-office-2026-08-20/prd.md;_bmad-output/planning-artifacts/architecture/architecture-fleet-office-2026-08-20/architecture.md","NOT_STARTED_PRODUCT_DESIGN_GATES_BLOCKED","TEST-077;TEST-087;TEST-088;TEST-100;TEST-102;TEST-103;TEST-112;TEST-113;TEST-114","Build + Security + Acceptance + Release","traceability.csv;release-plan.md","BLOCKED_IMPLEMENTATION_AND_MEASURED_EVIDENCE","Engineering + SRE + Security + QA"
"NFR-019","可扩展多角色协作: 工作队列、评论、交接、通知和审批必须支持跨角色协同，且每个角色只能看到其数据范围和所需字段。","V1-C / release gate","US-030;US-036;US-038;US-054","_bmad-output/planning-artifacts/prds/prd-fleet-office-2026-08-20/prd.md;_bmad-output/planning-artifacts/architecture/architecture-fleet-office-2026-08-20/architecture.md","NOT_STARTED_PRODUCT_DESIGN_GATES_BLOCKED","TEST-073;TEST-081;TEST-083;TEST-084;TEST-104","Build + Security + Acceptance + Release","traceability.csv;release-plan.md","BLOCKED_IMPLEMENTATION_AND_MEASURED_EVIDENCE","Engineering + SRE + Security + QA"
"NFR-020","AI 数据治理: 模型上下文必须经过租户/组织/字段脱敏和保留策略；外部模型、远程 MCP 或第三方服务的保留和传输边界必须可配置、可审计。","V1-C / release gate","US-048;US-056","_bmad-output/planning-artifacts/prds/prd-fleet-office-2026-08-20/prd.md;_bmad-output/planning-artifacts/architecture/architecture-fleet-office-2026-08-20/architecture.md","NOT_STARTED_PRODUCT_DESIGN_GATES_BLOCKED","TEST-097;TEST-106;TEST-107;TEST-108","Build + Security + Acceptance + Release","traceability.csv;release-plan.md","BLOCKED_IMPLEMENTATION_AND_MEASURED_EVIDENCE","Engineering + SRE + Security + QA"
"NFR-021","角色可用性: 六类核心角色完成各自主旅程时，默认界面不得要求先进入无关工作空间；角色首页首个可执行动作 p95 在 2 秒内可用，角色切换后 1 秒内完成本地重组。","V1-B / release gate","US-057;US-058","_bmad-output/planning-artifacts/prds/prd-fleet-office-2026-08-20/prd.md;_bmad-output/planning-artifacts/architecture/architecture-fleet-office-2026-08-20/architecture.md","NOT_STARTED_PRODUCT_DESIGN_GATES_BLOCKED","TEST-109;TEST-110;TEST-111;TEST-112;TEST-113;TEST-114","Build + Security + Acceptance + Release","traceability.csv;release-plan.md","BLOCKED_IMPLEMENTATION_AND_MEASURED_EVIDENCE","Engineering + SRE + Security + QA"
"NFR-022","驾驶安全: Driver Companion 必须通过驾驶中交互专项评审；行驶中复杂输入、批量操作、Agent 自由输入和非紧急弹窗触发次数为 0，并记录安全模式判定来源。","V1-B / release gate","US-066","_bmad-output/planning-artifacts/prds/prd-fleet-office-2026-08-20/prd.md;_bmad-output/planning-artifacts/architecture/architecture-fleet-office-2026-08-20/architecture.md","NOT_STARTED_PRODUCT_DESIGN_GATES_BLOCKED","TEST-137;TEST-138;TEST-139","Build + Security + Acceptance + Release","traceability.csv;release-plan.md","BLOCKED_IMPLEMENTATION_AND_MEASURED_EVIDENCE","Engineering + SRE + Security + QA"
"NFR-023","移动弱网可靠性: 允许离线的司机命令必须在本地加密保存，网络恢复后最终同步成功率目标 99.5%；同一命令重放不得重复创建节点、异常或凭证。","V1-B / release gate","US-065","_bmad-output/planning-artifacts/prds/prd-fleet-office-2026-08-20/prd.md;_bmad-output/planning-artifacts/architecture/architecture-fleet-office-2026-08-20/architecture.md","NOT_STARTED_PRODUCT_DESIGN_GATES_BLOCKED","TEST-134;TEST-135;TEST-136","Build + Security + Acceptance + Release","traceability.csv;release-plan.md","BLOCKED_IMPLEMENTATION_AND_MEASURED_EVIDENCE","Engineering + SRE + Security + QA"
"NFR-024","移动身份与隐私: 设备会话可撤销、短期有效并绑定有效任务；本地缓存最小化并按完成/过期策略清理，锁屏和通知不得泄露客户、货物或司机敏感信息。","V1-B / release gate","US-068","_bmad-output/planning-artifacts/prds/prd-fleet-office-2026-08-20/prd.md;_bmad-output/planning-artifacts/architecture/architecture-fleet-office-2026-08-20/architecture.md","NOT_STARTED_PRODUCT_DESIGN_GATES_BLOCKED","TEST-143;TEST-144;TEST-145","Build + Security + Acceptance + Release","traceability.csv;release-plan.md","BLOCKED_IMPLEMENTATION_AND_MEASURED_EVIDENCE","Engineering + SRE + Security + QA"
"NFR-025","排程并发一致性: 车辆/司机资源锁必须有版本、所有者和短期过期时间；发布使用乐观并发控制，过期方案不得覆盖已生效派车，冲突必须在 1 秒内反馈给在线调度。","V1-B / release gate","US-061","_bmad-output/planning-artifacts/prds/prd-fleet-office-2026-08-20/prd.md;_bmad-output/planning-artifacts/architecture/architecture-fleet-office-2026-08-20/architecture.md","NOT_STARTED_PRODUCT_DESIGN_GATES_BLOCKED","TEST-121;TEST-122;TEST-123;TEST-124","Build + Security + Acceptance + Release","traceability.csv;release-plan.md","BLOCKED_IMPLEMENTATION_AND_MEASURED_EVIDENCE","Engineering + SRE + Security + QA"
"AD-001","G7 反腐层是唯一外部入口","Foundation 0","Architecture constraint applied to mapped Stories","_bmad-output/planning-artifacts/architecture/architecture-fleet-office-2026-08-20/architecture.md","NOT_STARTED_PRODUCT_DESIGN_GATES_BLOCKED","Architecture conformance evidence required","Design + Build Gate","g7-gap-decisions.md;traceability.csv","DESIGN_REVIEW_REQUIRED","Architecture owner"
"AD-002","Snapshot / Feed / History 分工","Foundation 0","Architecture constraint applied to mapped Stories","_bmad-output/planning-artifacts/architecture/architecture-fleet-office-2026-08-20/architecture.md","NOT_STARTED_PRODUCT_DESIGN_GATES_BLOCKED","Architecture conformance evidence required","Design + Build Gate","g7-gap-decisions.md;traceability.csv","DESIGN_REVIEW_REQUIRED","Architecture owner"
"AD-003","业务状态与同步状态正交","Foundation 0","Architecture constraint applied to mapped Stories","_bmad-output/planning-artifacts/architecture/architecture-fleet-office-2026-08-20/architecture.md","NOT_STARTED_PRODUCT_DESIGN_GATES_BLOCKED","Architecture conformance evidence required","Design + Build Gate","g7-gap-decisions.md;traceability.csv","DESIGN_REVIEW_REQUIRED","Architecture owner"
"AD-004","租户与数据范围是查询构造的一部分","Foundation 0","Architecture constraint applied to mapped Stories","_bmad-output/planning-artifacts/architecture/architecture-fleet-office-2026-08-20/architecture.md","NOT_STARTED_PRODUCT_DESIGN_GATES_BLOCKED","Architecture conformance evidence required","Design + Build Gate","g7-gap-decisions.md;traceability.csv","DESIGN_REVIEW_REQUIRED","Architecture owner"
"AD-005","外部事实不可变、本地派生可重算","Foundation 0","Architecture constraint applied to mapped Stories","_bmad-output/planning-artifacts/architecture/architecture-fleet-office-2026-08-20/architecture.md","NOT_STARTED_PRODUCT_DESIGN_GATES_BLOCKED","Architecture conformance evidence required","Design + Build Gate","g7-gap-decisions.md;traceability.csv","DESIGN_REVIEW_REQUIRED","Architecture owner"
"AD-006","幂等命令与冲突保护","Foundation 0","Architecture constraint applied to mapped Stories","_bmad-output/planning-artifacts/architecture/architecture-fleet-office-2026-08-20/architecture.md","NOT_STARTED_PRODUCT_DESIGN_GATES_BLOCKED","Architecture conformance evidence required","Design + Build Gate","g7-gap-decisions.md;traceability.csv","DESIGN_REVIEW_REQUIRED","Architecture owner"
"AD-007","Outbox 驱动投影与外部同步","Foundation 0","Architecture constraint applied to mapped Stories","_bmad-output/planning-artifacts/architecture/architecture-fleet-office-2026-08-20/architecture.md","NOT_STARTED_PRODUCT_DESIGN_GATES_BLOCKED","Architecture conformance evidence required","Design + Build Gate","g7-gap-decisions.md;traceability.csv","DESIGN_REVIEW_REQUIRED","Architecture owner"
"AD-008","审计是写入合同的一部分","Foundation 0","Architecture constraint applied to mapped Stories","_bmad-output/planning-artifacts/architecture/architecture-fleet-office-2026-08-20/architecture.md","NOT_STARTED_PRODUCT_DESIGN_GATES_BLOCKED","Architecture conformance evidence required","Design + Build Gate","g7-gap-decisions.md;traceability.csv","DESIGN_REVIEW_REQUIRED","Architecture owner"
"AD-009","降级优先保住办公闭环","Foundation 0","Architecture constraint applied to mapped Stories","_bmad-output/planning-artifacts/architecture/architecture-fleet-office-2026-08-20/architecture.md","NOT_STARTED_PRODUCT_DESIGN_GATES_BLOCKED","Architecture conformance evidence required","Design + Build Gate","g7-gap-decisions.md;traceability.csv","DESIGN_REVIEW_REQUIRED","Architecture owner"
"AD-010","成熟度门禁","Foundation 0","Architecture constraint applied to mapped Stories","_bmad-output/planning-artifacts/architecture/architecture-fleet-office-2026-08-20/architecture.md","NOT_STARTED_PRODUCT_DESIGN_GATES_BLOCKED","Architecture conformance evidence required","Design + Build Gate","g7-gap-decisions.md;traceability.csv","DESIGN_REVIEW_REQUIRED","Architecture owner"
"AD-011","命令入口不绕过应用服务","Foundation 0","Architecture constraint applied to mapped Stories","_bmad-output/planning-artifacts/architecture/architecture-fleet-office-2026-08-20/architecture.md","NOT_STARTED_PRODUCT_DESIGN_GATES_BLOCKED","Architecture conformance evidence required","Design + Build Gate","g7-gap-decisions.md;traceability.csv","DESIGN_REVIEW_REQUIRED","Architecture owner"
"AD-012","先模块化单体，按证据拆分","Foundation 0","Architecture constraint applied to mapped Stories","_bmad-output/planning-artifacts/architecture/architecture-fleet-office-2026-08-20/architecture.md","NOT_STARTED_PRODUCT_DESIGN_GATES_BLOCKED","Architecture conformance evidence required","Design + Build Gate","g7-gap-decisions.md;traceability.csv","DESIGN_REVIEW_REQUIRED","Architecture owner"
"AD-013","Agent Runtime 是产品编排层，不是真相层","V1-C","Architecture constraint applied to mapped Stories","_bmad-output/planning-artifacts/architecture/architecture-fleet-office-2026-08-20/architecture.md","NOT_STARTED_PRODUCT_DESIGN_GATES_BLOCKED","Architecture conformance evidence required","Design + Build Gate","g7-gap-decisions.md;traceability.csv","DESIGN_REVIEW_REQUIRED","Architecture owner"
"AD-014","Tool Registry 是唯一模型工具入口","V1-C","Architecture constraint applied to mapped Stories","_bmad-output/planning-artifacts/architecture/architecture-fleet-office-2026-08-20/architecture.md","NOT_STARTED_PRODUCT_DESIGN_GATES_BLOCKED","Architecture conformance evidence required","Design + Build Gate","g7-gap-decisions.md;traceability.csv","DESIGN_REVIEW_REQUIRED","Architecture owner"
"AD-015","Context Pack 版本化并作用域化","V1-C","Architecture constraint applied to mapped Stories","_bmad-output/planning-artifacts/architecture/architecture-fleet-office-2026-08-20/architecture.md","NOT_STARTED_PRODUCT_DESIGN_GATES_BLOCKED","Architecture conformance evidence required","Design + Build Gate","g7-gap-decisions.md;traceability.csv","DESIGN_REVIEW_REQUIRED","Architecture owner"
"AD-016","证据账本与模型结论分离","V1-C","Architecture constraint applied to mapped Stories","_bmad-output/planning-artifacts/architecture/architecture-fleet-office-2026-08-20/architecture.md","NOT_STARTED_PRODUCT_DESIGN_GATES_BLOCKED","Architecture conformance evidence required","Design + Build Gate","g7-gap-decisions.md;traceability.csv","DESIGN_REVIEW_REQUIRED","Architecture owner"
"AD-017","风险审批是独立策略服务","V1-C","Architecture constraint applied to mapped Stories","_bmad-output/planning-artifacts/architecture/architecture-fleet-office-2026-08-20/architecture.md","NOT_STARTED_PRODUCT_DESIGN_GATES_BLOCKED","Architecture conformance evidence required","Design + Build Gate","g7-gap-decisions.md;traceability.csv","DESIGN_REVIEW_REQUIRED","Architecture owner"
"AD-018","写后回读是完成态门禁","V1-C","Architecture constraint applied to mapped Stories","_bmad-output/planning-artifacts/architecture/architecture-fleet-office-2026-08-20/architecture.md","NOT_STARTED_PRODUCT_DESIGN_GATES_BLOCKED","Architecture conformance evidence required","Design + Build Gate","g7-gap-decisions.md;traceability.csv","DESIGN_REVIEW_REQUIRED","Architecture owner"
"AD-019","并行专家返回结构化结果","V1-C","Architecture constraint applied to mapped Stories","_bmad-output/planning-artifacts/architecture/architecture-fleet-office-2026-08-20/architecture.md","NOT_STARTED_PRODUCT_DESIGN_GATES_BLOCKED","Architecture conformance evidence required","Design + Build Gate","g7-gap-decisions.md;traceability.csv","DESIGN_REVIEW_REQUIRED","Architecture owner"
"AD-020","线程事件追加写入并可恢复","V1-C","Architecture constraint applied to mapped Stories","_bmad-output/planning-artifacts/architecture/architecture-fleet-office-2026-08-20/architecture.md","NOT_STARTED_PRODUCT_DESIGN_GATES_BLOCKED","Architecture conformance evidence required","Design + Build Gate","g7-gap-decisions.md;traceability.csv","DESIGN_REVIEW_REQUIRED","Architecture owner"
"AD-021","Agent 运行必须可评估","V1-C","Architecture constraint applied to mapped Stories","_bmad-output/planning-artifacts/architecture/architecture-fleet-office-2026-08-20/architecture.md","NOT_STARTED_PRODUCT_DESIGN_GATES_BLOCKED","Architecture conformance evidence required","Design + Build Gate","g7-gap-decisions.md;traceability.csv","DESIGN_REVIEW_REQUIRED","Architecture owner"
"AD-022","订单履约是独立聚合，不复用派车任务","V1-A/V1.5/V2","Architecture constraint applied to mapped Stories","_bmad-output/planning-artifacts/architecture/architecture-fleet-office-2026-08-20/architecture.md","NOT_STARTED_PRODUCT_DESIGN_GATES_BLOCKED","Architecture conformance evidence required","Design + Build Gate","g7-gap-decisions.md;traceability.csv","DESIGN_REVIEW_REQUIRED","Architecture owner"
"AD-023","影响图是事件投影，不是图数据库真相","V1-A/V1.5/V2","Architecture constraint applied to mapped Stories","_bmad-output/planning-artifacts/architecture/architecture-fleet-office-2026-08-20/architecture.md","NOT_STARTED_PRODUCT_DESIGN_GATES_BLOCKED","Architecture conformance evidence required","Design + Build Gate","g7-gap-decisions.md;traceability.csv","DESIGN_REVIEW_REQUIRED","Architecture owner"
"AD-024","计划场景与生产计划隔离","V1-A/V1.5/V2","Architecture constraint applied to mapped Stories","_bmad-output/planning-artifacts/architecture/architecture-fleet-office-2026-08-20/architecture.md","NOT_STARTED_PRODUCT_DESIGN_GATES_BLOCKED","Architecture conformance evidence required","Design + Build Gate","g7-gap-decisions.md;traceability.csv","DESIGN_REVIEW_REQUIRED","Architecture owner"
"AD-025","沟通通过 Channel Adapter 统一发送","V1-A/V1.5/V2","Architecture constraint applied to mapped Stories","_bmad-output/planning-artifacts/architecture/architecture-fleet-office-2026-08-20/architecture.md","NOT_STARTED_PRODUCT_DESIGN_GATES_BLOCKED","Architecture conformance evidence required","Design + Build Gate","g7-gap-decisions.md;traceability.csv","DESIGN_REVIEW_REQUIRED","Architecture owner"
"AD-026","结算采用证据匹配层","V1-A/V1.5/V2","Architecture constraint applied to mapped Stories","_bmad-output/planning-artifacts/architecture/architecture-fleet-office-2026-08-20/architecture.md","NOT_STARTED_PRODUCT_DESIGN_GATES_BLOCKED","Architecture conformance evidence required","Design + Build Gate","g7-gap-decisions.md;traceability.csv","DESIGN_REVIEW_REQUIRED","Architecture owner"
"AD-027","Playbook 编排复用 Tool Registry","V1-A/V1.5/V2","Architecture constraint applied to mapped Stories","_bmad-output/planning-artifacts/architecture/architecture-fleet-office-2026-08-20/architecture.md","NOT_STARTED_PRODUCT_DESIGN_GATES_BLOCKED","Architecture conformance evidence required","Design + Build Gate","g7-gap-decisions.md;traceability.csv","DESIGN_REVIEW_REQUIRED","Architecture owner"
"AD-028","知识检索先权限过滤再向量检索","V1-A/V1.5/V2","Architecture constraint applied to mapped Stories","_bmad-output/planning-artifacts/architecture/architecture-fleet-office-2026-08-20/architecture.md","NOT_STARTED_PRODUCT_DESIGN_GATES_BLOCKED","Architecture conformance evidence required","Design + Build Gate","g7-gap-decisions.md;traceability.csv","DESIGN_REVIEW_REQUIRED","Architecture owner"
"AD-029","多 Agent 默认使用 Manager 模式","V1-A/V1.5/V2","Architecture constraint applied to mapped Stories","_bmad-output/planning-artifacts/architecture/architecture-fleet-office-2026-08-20/architecture.md","NOT_STARTED_PRODUCT_DESIGN_GATES_BLOCKED","Architecture conformance evidence required","Design + Build Gate","g7-gap-decisions.md;traceability.csv","DESIGN_REVIEW_REQUIRED","Architecture owner"
"AD-030","模型运行与业务持久化分离","V1-A/V1.5/V2","Architecture constraint applied to mapped Stories","_bmad-output/planning-artifacts/architecture/architecture-fleet-office-2026-08-20/architecture.md","NOT_STARTED_PRODUCT_DESIGN_GATES_BLOCKED","Architecture conformance evidence required","Design + Build Gate","g7-gap-decisions.md;traceability.csv","DESIGN_REVIEW_REQUIRED","Architecture owner"
"AD-031","指标语义层版本化","V1-A/V1.5/V2","Architecture constraint applied to mapped Stories","_bmad-output/planning-artifacts/architecture/architecture-fleet-office-2026-08-20/architecture.md","NOT_STARTED_PRODUCT_DESIGN_GATES_BLOCKED","Architecture conformance evidence required","Design + Build Gate","g7-gap-decisions.md;traceability.csv","DESIGN_REVIEW_REQUIRED","Architecture owner"
"AD-032","角色工作空间配置由服务端生成","V1-B","Architecture constraint applied to mapped Stories","_bmad-output/planning-artifacts/architecture/architecture-fleet-office-2026-08-20/architecture.md","NOT_STARTED_PRODUCT_DESIGN_GATES_BLOCKED","Architecture conformance evidence required","Design + Build Gate","g7-gap-decisions.md;traceability.csv","DESIGN_REVIEW_REQUIRED","Architecture owner"
"AD-033","Driver Companion 使用独立 BFF 和命令面","V1-B","Architecture constraint applied to mapped Stories","_bmad-output/planning-artifacts/architecture/architecture-fleet-office-2026-08-20/architecture.md","NOT_STARTED_PRODUCT_DESIGN_GATES_BLOCKED","Architecture conformance evidence required","Design + Build Gate","g7-gap-decisions.md;traceability.csv","DESIGN_REVIEW_REQUIRED","Architecture owner"
"AD-034","离线命令使用设备账本和幂等对账","V1-B","Architecture constraint applied to mapped Stories","_bmad-output/planning-artifacts/architecture/architecture-fleet-office-2026-08-20/architecture.md","NOT_STARTED_PRODUCT_DESIGN_GATES_BLOCKED","Architecture conformance evidence required","Design + Build Gate","g7-gap-decisions.md;traceability.csv","DESIGN_REVIEW_REQUIRED","Architecture owner"
"AD-035","调度资源采用短租约和乐观并发","V1-B","Architecture constraint applied to mapped Stories","_bmad-output/planning-artifacts/architecture/architecture-fleet-office-2026-08-20/architecture.md","NOT_STARTED_PRODUCT_DESIGN_GATES_BLOCKED","Architecture conformance evidence required","Design + Build Gate","g7-gap-decisions.md;traceability.csv","DESIGN_REVIEW_REQUIRED","Architecture owner"
"AD-036","业务交接是独立聚合","V1-B","Architecture constraint applied to mapped Stories","_bmad-output/planning-artifacts/architecture/architecture-fleet-office-2026-08-20/architecture.md","NOT_STARTED_PRODUCT_DESIGN_GATES_BLOCKED","Architecture conformance evidence required","Design + Build Gate","g7-gap-decisions.md;traceability.csv","DESIGN_REVIEW_REQUIRED","Architecture owner"
"AD-037","角色 AI 策略与业务权限求交","V1-B","Architecture constraint applied to mapped Stories","_bmad-output/planning-artifacts/architecture/architecture-fleet-office-2026-08-20/architecture.md","NOT_STARTED_PRODUCT_DESIGN_GATES_BLOCKED","Architecture conformance evidence required","Design + Build Gate","g7-gap-decisions.md;traceability.csv","DESIGN_REVIEW_REQUIRED","Architecture owner"
"AD-038","平台能力与场景编排分层","V1-B","Architecture constraint applied to mapped Stories","_bmad-output/planning-artifacts/architecture/architecture-fleet-office-2026-08-20/architecture.md","NOT_STARTED_PRODUCT_DESIGN_GATES_BLOCKED","Architecture conformance evidence required","Design + Build Gate","g7-gap-decisions.md;traceability.csv","DESIGN_REVIEW_REQUIRED","Architecture owner"
"AD-039","混合资产采用世界模型与关系建模","V1-B","Architecture constraint applied to mapped Stories","_bmad-output/planning-artifacts/architecture/architecture-fleet-office-2026-08-20/architecture.md","NOT_STARTED_PRODUCT_DESIGN_GATES_BLOCKED","Architecture conformance evidence required","Design + Build Gate","g7-gap-decisions.md;traceability.csv","DESIGN_REVIEW_REQUIRED","Architecture owner"
"AD-040","车辆可用性是跨域派生投影","V1-B","Architecture constraint applied to mapped Stories","_bmad-output/planning-artifacts/architecture/architecture-fleet-office-2026-08-20/architecture.md","NOT_STARTED_PRODUCT_DESIGN_GATES_BLOCKED","Architecture conformance evidence required","Design + Build Gate","g7-gap-decisions.md;traceability.csv","DESIGN_REVIEW_REQUIRED","Architecture owner"
"AD-041","缺陷到维修使用显式工作链","V1-B","Architecture constraint applied to mapped Stories","_bmad-output/planning-artifacts/architecture/architecture-fleet-office-2026-08-20/architecture.md","NOT_STARTED_PRODUCT_DESIGN_GATES_BLOCKED","Architecture conformance evidence required","Design + Build Gate","g7-gap-decisions.md;traceability.csv","DESIGN_REVIEW_REQUIRED","Architecture owner"
"AD-042","油能与支出事实分源保存","V1-B","Architecture constraint applied to mapped Stories","_bmad-output/planning-artifacts/architecture/architecture-fleet-office-2026-08-20/architecture.md","NOT_STARTED_PRODUCT_DESIGN_GATES_BLOCKED","Architecture conformance evidence required","Design + Build Gate","g7-gap-decisions.md;traceability.csv","DESIGN_REVIEW_REQUIRED","Architecture owner"
"AD-043","车辆状态变化通过影响投影传播","V1-B","Architecture constraint applied to mapped Stories","_bmad-output/planning-artifacts/architecture/architecture-fleet-office-2026-08-20/architecture.md","NOT_STARTED_PRODUCT_DESIGN_GATES_BLOCKED","Architecture conformance evidence required","Design + Build Gate","g7-gap-decisions.md;traceability.csv","DESIGN_REVIEW_REQUIRED","Architecture owner"
"AD-044","车辆智能能力复用统一 Agent Runtime","V1-B","Architecture constraint applied to mapped Stories","_bmad-output/planning-artifacts/architecture/architecture-fleet-office-2026-08-20/architecture.md","NOT_STARTED_PRODUCT_DESIGN_GATES_BLOCKED","Architecture conformance evidence required","Design + Build Gate","g7-gap-decisions.md;traceability.csv","DESIGN_REVIEW_REQUIRED","Architecture owner"
"AD-045","司机检查使用离线账本","V1-B","Architecture constraint applied to mapped Stories","_bmad-output/planning-artifacts/architecture/architecture-fleet-office-2026-08-20/architecture.md","NOT_STARTED_PRODUCT_DESIGN_GATES_BLOCKED","Architecture conformance evidence required","Design + Build Gate","g7-gap-decisions.md;traceability.csv","DESIGN_REVIEW_REQUIRED","Architecture owner"
"EP-001","可信地看见并接手今天的工作","Foundation 0 / V1-A","See _bmad-output/implementation-artifacts/fleet-office-epics-and-stories.md","_bmad-output/implementation-artifacts/fleet-office-epics-and-stories.md;_bmad-output/planning-artifacts/prds/prd-fleet-office-2026-08-20/prd.md","NOT_STARTED_PRODUCT_DESIGN_GATES_BLOCKED","See mapped US and TEST rows","Product + Acceptance","traceability.csv;delivery-plan.md","PLANNED_NOT_STARTED","Product owner"
"EP-002","完成派车并持续跟进在途","V1-A","See _bmad-output/implementation-artifacts/fleet-office-epics-and-stories.md","_bmad-output/implementation-artifacts/fleet-office-epics-and-stories.md;_bmad-output/planning-artifacts/prds/prd-fleet-office-2026-08-20/prd.md","NOT_STARTED_PRODUCT_DESIGN_GATES_BLOCKED","See mapped US and TEST rows","Product + Acceptance","traceability.csv;delivery-plan.md","PLANNED_NOT_STARTED","Product owner"
"EP-003","把安全事件变成可审计的处置闭环","V1-C","See _bmad-output/implementation-artifacts/fleet-office-epics-and-stories.md","_bmad-output/implementation-artifacts/fleet-office-epics-and-stories.md;_bmad-output/planning-artifacts/prds/prd-fleet-office-2026-08-20/prd.md","NOT_STARTED_PRODUCT_DESIGN_GATES_BLOCKED","See mapped US and TEST rows","Product + Acceptance","traceability.csv;delivery-plan.md","PLANNED_NOT_STARTED","Product owner"
"EP-004","保持车辆合规且可用","V1-B","See _bmad-output/implementation-artifacts/fleet-office-epics-and-stories.md","_bmad-output/implementation-artifacts/fleet-office-epics-and-stories.md;_bmad-output/planning-artifacts/prds/prd-fleet-office-2026-08-20/prd.md","NOT_STARTED_PRODUCT_DESIGN_GATES_BLOCKED","See mapped US and TEST rows","Product + Acceptance","traceability.csv;delivery-plan.md","PLANNED_NOT_STARTED","Product owner"
"EP-005","让 AI 成为受控的调度同事","V1-C","See _bmad-output/implementation-artifacts/fleet-office-epics-and-stories.md","_bmad-output/implementation-artifacts/fleet-office-epics-and-stories.md;_bmad-output/planning-artifacts/prds/prd-fleet-office-2026-08-20/prd.md","NOT_STARTED_PRODUCT_DESIGN_GATES_BLOCKED","See mapped US and TEST rows","Product + Acceptance","traceability.csv;delivery-plan.md","PLANNED_NOT_STARTED","Product owner"
"EP-006","让订单从接入到签收可持续履约","V1-A","See _bmad-output/implementation-artifacts/fleet-office-epics-and-stories.md","_bmad-output/implementation-artifacts/fleet-office-epics-and-stories.md;_bmad-output/planning-artifacts/prds/prd-fleet-office-2026-08-20/prd.md","NOT_STARTED_PRODUCT_DESIGN_GATES_BLOCKED","See mapped US and TEST rows","Product + Acceptance","traceability.csv;delivery-plan.md","PLANNED_NOT_STARTED","Product owner"
"EP-007","用场景规划运力并生成可控派车","V1-A","See _bmad-output/implementation-artifacts/fleet-office-epics-and-stories.md","_bmad-output/implementation-artifacts/fleet-office-epics-and-stories.md;_bmad-output/planning-artifacts/prds/prd-fleet-office-2026-08-20/prd.md","NOT_STARTED_PRODUCT_DESIGN_GATES_BLOCKED","See mapped US and TEST rows","Product + Acceptance","traceability.csv;delivery-plan.md","PLANNED_NOT_STARTED","Product owner"
"EP-008","闭环客户协同、案件和结算差异","V1.5","See _bmad-output/implementation-artifacts/fleet-office-epics-and-stories.md","_bmad-output/implementation-artifacts/fleet-office-epics-and-stories.md;_bmad-output/planning-artifacts/prds/prd-fleet-office-2026-08-20/prd.md","NOT_STARTED_PRODUCT_DESIGN_GATES_BLOCKED","See mapped US and TEST rows","Product + Acceptance","traceability.csv;delivery-plan.md","PLANNED_NOT_STARTED","Product owner"
"EP-009","把知识、自动化和 AI 运行纳入治理","V1.5","See _bmad-output/implementation-artifacts/fleet-office-epics-and-stories.md","_bmad-output/implementation-artifacts/fleet-office-epics-and-stories.md;_bmad-output/planning-artifacts/prds/prd-fleet-office-2026-08-20/prd.md","NOT_STARTED_PRODUCT_DESIGN_GATES_BLOCKED","See mapped US and TEST rows","Product + Acceptance","traceability.csv;delivery-plan.md","PLANNED_NOT_STARTED","Product owner"
"EP-010","从经营指标走到可验证改善","V2","See _bmad-output/implementation-artifacts/fleet-office-epics-and-stories.md","_bmad-output/implementation-artifacts/fleet-office-epics-and-stories.md;_bmad-output/planning-artifacts/prds/prd-fleet-office-2026-08-20/prd.md","NOT_STARTED_PRODUCT_DESIGN_GATES_BLOCKED","See mapped US and TEST rows","Product + Acceptance","traceability.csv;delivery-plan.md","PLANNED_NOT_STARTED","Product owner"
"EP-011","让六类角色在同一底座上完成各自工作","V1-B","See _bmad-output/implementation-artifacts/fleet-office-epics-and-stories.md","_bmad-output/implementation-artifacts/fleet-office-epics-and-stories.md;_bmad-output/planning-artifacts/prds/prd-fleet-office-2026-08-20/prd.md","NOT_STARTED_PRODUCT_DESIGN_GATES_BLOCKED","See mapped US and TEST rows","Product + Acceptance","traceability.csv;delivery-plan.md","PLANNED_NOT_STARTED","Product owner"
"EP-012","让车辆从可见变成可运营","V1-B","See _bmad-output/implementation-artifacts/fleet-office-epics-and-stories.md","_bmad-output/implementation-artifacts/fleet-office-epics-and-stories.md;_bmad-output/planning-artifacts/prds/prd-fleet-office-2026-08-20/prd.md","NOT_STARTED_PRODUCT_DESIGN_GATES_BLOCKED","See mapped US and TEST rows","Product + Acceptance","traceability.csv;delivery-plan.md","PLANNED_NOT_STARTED","Product owner"
"US-001","在正确租户和权限范围进入工作台","Foundation 0 / V1-A","US-001","_bmad-output/implementation-artifacts/fleet-office-epics-and-stories.md;_bmad-output/planning-artifacts/ux-designs/ux-fleet-office-2026-08-20/EXPERIENCE.md","NOT_STARTED_PRODUCT_DESIGN_GATES_BLOCKED","TEST-001;TEST-002;TEST-003","Product + Design + Build","first-batch-stories.md;traceability.csv","READY_AFTER_PRODUCT_DESIGN_APPROVAL","Engineering + QA"
"US-002","同步并检索车队对象目录","Foundation 0 / V1-A","US-002","_bmad-output/implementation-artifacts/fleet-office-epics-and-stories.md;_bmad-output/planning-artifacts/ux-designs/ux-fleet-office-2026-08-20/EXPERIENCE.md","NOT_STARTED_PRODUCT_DESIGN_GATES_BLOCKED","TEST-004;TEST-005;TEST-006","Product + Design + Build","first-batch-stories.md;traceability.csv","BLOCKED_G7_SANDBOX_OR_DEPENDENCY","Engineering + QA"
"US-003","查看带新鲜度的车辆事实","Foundation 0 / V1-A","US-003","_bmad-output/implementation-artifacts/fleet-office-epics-and-stories.md;_bmad-output/planning-artifacts/ux-designs/ux-fleet-office-2026-08-20/EXPERIENCE.md","NOT_STARTED_PRODUCT_DESIGN_GATES_BLOCKED","TEST-007;TEST-008;TEST-009","Product + Design + Build","first-batch-stories.md;traceability.csv","BLOCKED_G7_SANDBOX_OR_DEPENDENCY","Engineering + QA"
"US-004","从今天的工作流接手一项变化","Foundation 0 / V1-A","US-004","_bmad-output/implementation-artifacts/fleet-office-epics-and-stories.md;_bmad-output/planning-artifacts/ux-designs/ux-fleet-office-2026-08-20/EXPERIENCE.md","NOT_STARTED_PRODUCT_DESIGN_GATES_BLOCKED","TEST-010;TEST-011;TEST-012","Product + Design + Build","first-batch-stories.md;traceability.csv","BLOCKED_G7_SANDBOX_OR_DEPENDENCY","Engineering + QA"
"US-005","创建派车草稿并比较候选","V1-A","US-005","_bmad-output/implementation-artifacts/fleet-office-epics-and-stories.md;_bmad-output/planning-artifacts/ux-designs/ux-fleet-office-2026-08-20/EXPERIENCE.md","NOT_STARTED_PRODUCT_DESIGN_GATES_BLOCKED","TEST-013;TEST-014","Build + Acceptance","first-batch-stories.md;traceability.csv","PLANNED_NOT_STARTED","Engineering + QA"
"US-006","校验人车关系并确认派车","V1-A","US-006","_bmad-output/implementation-artifacts/fleet-office-epics-and-stories.md;_bmad-output/planning-artifacts/ux-designs/ux-fleet-office-2026-08-20/EXPERIENCE.md","NOT_STARTED_PRODUCT_DESIGN_GATES_BLOCKED","TEST-015;TEST-016;TEST-017","Build + Acceptance","first-batch-stories.md;traceability.csv","PLANNED_NOT_STARTED","Engineering + QA"
"US-007","在一条时间线跟进在途变化","V1-A","US-007","_bmad-output/implementation-artifacts/fleet-office-epics-and-stories.md;_bmad-output/planning-artifacts/ux-designs/ux-fleet-office-2026-08-20/EXPERIENCE.md","NOT_STARTED_PRODUCT_DESIGN_GATES_BLOCKED","TEST-018;TEST-019;TEST-020","Build + Acceptance","first-batch-stories.md;traceability.csv","PLANNED_NOT_STARTED","Engineering + QA"
"US-008","从 G7 同步失败中恢复","V1-A","US-008","_bmad-output/implementation-artifacts/fleet-office-epics-and-stories.md;_bmad-output/planning-artifacts/ux-designs/ux-fleet-office-2026-08-20/EXPERIENCE.md","NOT_STARTED_PRODUCT_DESIGN_GATES_BLOCKED","TEST-021;TEST-022;TEST-023","Build + Acceptance","first-batch-stories.md;traceability.csv","PLANNED_NOT_STARTED","Engineering + QA"
"US-009","可靠接入并去重 G7 安全事件","V1-C","US-009","_bmad-output/implementation-artifacts/fleet-office-epics-and-stories.md;_bmad-output/planning-artifacts/ux-designs/ux-fleet-office-2026-08-20/EXPERIENCE.md","NOT_STARTED_PRODUCT_DESIGN_GATES_BLOCKED","TEST-024;TEST-025;TEST-026","Build + Acceptance","first-batch-stories.md;traceability.csv","PLANNED_NOT_STARTED","Engineering + QA"
"US-010","按风险和时限处理收件箱","V1-C","US-010","_bmad-output/implementation-artifacts/fleet-office-epics-and-stories.md;_bmad-output/planning-artifacts/ux-designs/ux-fleet-office-2026-08-20/EXPERIENCE.md","NOT_STARTED_PRODUCT_DESIGN_GATES_BLOCKED","TEST-027;TEST-028","Build + Acceptance","first-batch-stories.md;traceability.csv","PLANNED_NOT_STARTED","Engineering + QA"
"US-011","记录干预并推进复核","V1-C","US-011","_bmad-output/implementation-artifacts/fleet-office-epics-and-stories.md;_bmad-output/planning-artifacts/ux-designs/ux-fleet-office-2026-08-20/EXPERIENCE.md","NOT_STARTED_PRODUCT_DESIGN_GATES_BLOCKED","TEST-029;TEST-030;TEST-031","Build + Acceptance","first-batch-stories.md;traceability.csv","PLANNED_NOT_STARTED","Engineering + QA"
"US-012","查看媒体并处理新证据","V1-C","US-012","_bmad-output/implementation-artifacts/fleet-office-epics-and-stories.md;_bmad-output/planning-artifacts/ux-designs/ux-fleet-office-2026-08-20/EXPERIENCE.md","NOT_STARTED_PRODUCT_DESIGN_GATES_BLOCKED","TEST-032;TEST-033;TEST-034","Build + Acceptance","first-batch-stories.md;traceability.csv","PLANNED_NOT_STARTED","Engineering + QA"
"US-013","在一车一档查看完整历史","V1-B","US-013","_bmad-output/implementation-artifacts/fleet-office-epics-and-stories.md;_bmad-output/planning-artifacts/ux-designs/ux-fleet-office-2026-08-20/EXPERIENCE.md","NOT_STARTED_PRODUCT_DESIGN_GATES_BLOCKED","TEST-035;TEST-036","Build + Acceptance","first-batch-stories.md;traceability.csv","PLANNED_NOT_STARTED","Engineering + QA"
"US-014","从到期规则创建并完成维护工作","V1-B","US-014","_bmad-output/implementation-artifacts/fleet-office-epics-and-stories.md;_bmad-output/planning-artifacts/ux-designs/ux-fleet-office-2026-08-20/EXPERIENCE.md","NOT_STARTED_PRODUCT_DESIGN_GATES_BLOCKED","TEST-037;TEST-038;TEST-039","Build + Acceptance","first-batch-stories.md;traceability.csv","PLANNED_NOT_STARTED","Engineering + QA"
"US-015","预检并导入/导出车队数据","V1-B","US-015","_bmad-output/implementation-artifacts/fleet-office-epics-and-stories.md;_bmad-output/planning-artifacts/ux-designs/ux-fleet-office-2026-08-20/EXPERIENCE.md","NOT_STARTED_PRODUCT_DESIGN_GATES_BLOCKED","TEST-040;TEST-041;TEST-042","Build + Acceptance","first-batch-stories.md;traceability.csv","PLANNED_NOT_STARTED","Engineering + QA"
"US-016","治理留存、删除、配额和运营审计","V1-B","US-016","_bmad-output/implementation-artifacts/fleet-office-epics-and-stories.md;_bmad-output/planning-artifacts/ux-designs/ux-fleet-office-2026-08-20/EXPERIENCE.md","NOT_STARTED_PRODUCT_DESIGN_GATES_BLOCKED","TEST-043;TEST-044;TEST-045","Build + Acceptance","first-batch-stories.md;traceability.csv","PLANNED_NOT_STARTED","Engineering + QA"
"US-017","创建并恢复一个有作用域的 Agent 工作线程","V1-C","US-017","_bmad-output/implementation-artifacts/fleet-office-epics-and-stories.md;_bmad-output/planning-artifacts/ux-designs/ux-fleet-office-2026-08-20/EXPERIENCE.md","NOT_STARTED_PRODUCT_DESIGN_GATES_BLOCKED","TEST-046;TEST-047;TEST-048","Build + Acceptance","first-batch-stories.md;traceability.csv","PLANNED_NOT_STARTED","Engineering + QA"
"US-018","先生成证据计划并建立证据账本","V1-C","US-018","_bmad-output/implementation-artifacts/fleet-office-epics-and-stories.md;_bmad-output/planning-artifacts/ux-designs/ux-fleet-office-2026-08-20/EXPERIENCE.md","NOT_STARTED_PRODUCT_DESIGN_GATES_BLOCKED","TEST-049;TEST-050;TEST-051","Build + Acceptance","first-batch-stories.md;traceability.csv","PLANNED_NOT_STARTED","Engineering + QA"
"US-019","注册和执行分层工具","V1-C","US-019","_bmad-output/implementation-artifacts/fleet-office-epics-and-stories.md;_bmad-output/planning-artifacts/ux-designs/ux-fleet-office-2026-08-20/EXPERIENCE.md","NOT_STARTED_PRODUCT_DESIGN_GATES_BLOCKED","TEST-052;TEST-053;TEST-054","Build + Acceptance","first-batch-stories.md;traceability.csv","PLANNED_NOT_STARTED","Engineering + QA"
"US-020","观察计划、进度和失败恢复","V1-C","US-020","_bmad-output/implementation-artifacts/fleet-office-epics-and-stories.md;_bmad-output/planning-artifacts/ux-designs/ux-fleet-office-2026-08-20/EXPERIENCE.md","NOT_STARTED_PRODUCT_DESIGN_GATES_BLOCKED","TEST-055;TEST-056","Build + Acceptance","first-batch-stories.md;traceability.csv","PLANNED_NOT_STARTED","Engineering + QA"
"US-021","按风险审批外部动作","V1-C","US-021","_bmad-output/implementation-artifacts/fleet-office-epics-and-stories.md;_bmad-output/planning-artifacts/ux-designs/ux-fleet-office-2026-08-20/EXPERIENCE.md","NOT_STARTED_PRODUCT_DESIGN_GATES_BLOCKED","TEST-057;TEST-058;TEST-059","Build + Acceptance","first-batch-stories.md;traceability.csv","PLANNED_NOT_STARTED","Engineering + QA"
"US-022","并行专家分析并合并方案","V1-C","US-022","_bmad-output/implementation-artifacts/fleet-office-epics-and-stories.md;_bmad-output/planning-artifacts/ux-designs/ux-fleet-office-2026-08-20/EXPERIENCE.md","NOT_STARTED_PRODUCT_DESIGN_GATES_BLOCKED","TEST-060;TEST-061","Build + Acceptance","first-batch-stories.md;traceability.csv","PLANNED_NOT_STARTED","Engineering + QA"
"US-023","执行后回读并刷新业务视图","V1-C","US-023","_bmad-output/implementation-artifacts/fleet-office-epics-and-stories.md;_bmad-output/planning-artifacts/ux-designs/ux-fleet-office-2026-08-20/EXPERIENCE.md","NOT_STARTED_PRODUCT_DESIGN_GATES_BLOCKED","TEST-062;TEST-063","Build + Acceptance","first-batch-stories.md;traceability.csv","PLANNED_NOT_STARTED","Engineering + QA"
"US-024","评估运行并交接未解决工作","V1-C","US-024","_bmad-output/implementation-artifacts/fleet-office-epics-and-stories.md;_bmad-output/planning-artifacts/ux-designs/ux-fleet-office-2026-08-20/EXPERIENCE.md","NOT_STARTED_PRODUCT_DESIGN_GATES_BLOCKED","TEST-064;TEST-065","Build + Acceptance","first-batch-stories.md;traceability.csv","PLANNED_NOT_STARTED","Engineering + QA"
"US-025","接入订单并校正不确定字段","V1-A","US-025","_bmad-output/implementation-artifacts/fleet-office-epics-and-stories.md;_bmad-output/planning-artifacts/ux-designs/ux-fleet-office-2026-08-20/EXPERIENCE.md","NOT_STARTED_PRODUCT_DESIGN_GATES_BLOCKED","TEST-066;TEST-067","Build + Acceptance","first-batch-stories.md;traceability.csv","PLANNED_NOT_STARTED","Engineering + QA"
"US-026","把订单编成运输段和停靠点","V1-A","US-026","_bmad-output/implementation-artifacts/fleet-office-epics-and-stories.md;_bmad-output/planning-artifacts/ux-designs/ux-fleet-office-2026-08-20/EXPERIENCE.md","NOT_STARTED_PRODUCT_DESIGN_GATES_BLOCKED","TEST-068","Build + Acceptance","first-batch-stories.md;traceability.csv","PLANNED_NOT_STARTED","Engineering + QA"
"US-027","监控 ETA 和客户承诺风险","V1-A","US-027","_bmad-output/implementation-artifacts/fleet-office-epics-and-stories.md;_bmad-output/planning-artifacts/ux-designs/ux-fleet-office-2026-08-20/EXPERIENCE.md","NOT_STARTED_PRODUCT_DESIGN_GATES_BLOCKED","TEST-069;TEST-070","Build + Acceptance","first-batch-stories.md;traceability.csv","PLANNED_NOT_STARTED","Engineering + QA"
"US-028","从异常理解跨对象影响","V1-A","US-028","_bmad-output/implementation-artifacts/fleet-office-epics-and-stories.md;_bmad-output/planning-artifacts/ux-designs/ux-fleet-office-2026-08-20/EXPERIENCE.md","NOT_STARTED_PRODUCT_DESIGN_GATES_BLOCKED","TEST-071","Build + Acceptance","first-batch-stories.md;traceability.csv","PLANNED_NOT_STARTED","Engineering + QA"
"US-029","用履约凭证完成订单","V1-A","US-029","_bmad-output/implementation-artifacts/fleet-office-epics-and-stories.md;_bmad-output/planning-artifacts/ux-designs/ux-fleet-office-2026-08-20/EXPERIENCE.md","NOT_STARTED_PRODUCT_DESIGN_GATES_BLOCKED","TEST-072","Build + Acceptance","first-batch-stories.md;traceability.csv","PLANNED_NOT_STARTED","Engineering + QA"
"US-030","从统一工作台接手订单风险","V1-A","US-030","_bmad-output/implementation-artifacts/fleet-office-epics-and-stories.md;_bmad-output/planning-artifacts/ux-designs/ux-fleet-office-2026-08-20/EXPERIENCE.md","NOT_STARTED_PRODUCT_DESIGN_GATES_BLOCKED","TEST-073","Build + Acceptance","first-batch-stories.md;traceability.csv","PLANNED_NOT_STARTED","Engineering + QA"
"US-031","查看未来班次运力池","V1-A","US-031","_bmad-output/implementation-artifacts/fleet-office-epics-and-stories.md;_bmad-output/planning-artifacts/ux-designs/ux-fleet-office-2026-08-20/EXPERIENCE.md","NOT_STARTED_PRODUCT_DESIGN_GATES_BLOCKED","TEST-074","Build + Acceptance","first-batch-stories.md;traceability.csv","PLANNED_NOT_STARTED","Engineering + QA"
"US-032","解释候选人与车辆约束","V1-A","US-032","_bmad-output/implementation-artifacts/fleet-office-epics-and-stories.md;_bmad-output/planning-artifacts/ux-designs/ux-fleet-office-2026-08-20/EXPERIENCE.md","NOT_STARTED_PRODUCT_DESIGN_GATES_BLOCKED","TEST-075;TEST-076","Build + Acceptance","first-batch-stories.md;traceability.csv","PLANNED_NOT_STARTED","Engineering + QA"
"US-033","比较运力 What-if 场景","V1-A","US-033","_bmad-output/implementation-artifacts/fleet-office-epics-and-stories.md;_bmad-output/planning-artifacts/ux-designs/ux-fleet-office-2026-08-20/EXPERIENCE.md","NOT_STARTED_PRODUCT_DESIGN_GATES_BLOCKED","TEST-077","Build + Acceptance","first-batch-stories.md;traceability.csv","PLANNED_NOT_STARTED","Engineering + QA"
"US-034","从场景批量生成派车草稿","V1-A","US-034","_bmad-output/implementation-artifacts/fleet-office-epics-and-stories.md;_bmad-output/planning-artifacts/ux-designs/ux-fleet-office-2026-08-20/EXPERIENCE.md","NOT_STARTED_PRODUCT_DESIGN_GATES_BLOCKED","TEST-078;TEST-079","Build + Acceptance","first-batch-stories.md;traceability.csv","PLANNED_NOT_STARTED","Engineering + QA"
"US-035","提前识别运力缺口","V1-A","US-035","_bmad-output/implementation-artifacts/fleet-office-epics-and-stories.md;_bmad-output/planning-artifacts/ux-designs/ux-fleet-office-2026-08-20/EXPERIENCE.md","NOT_STARTED_PRODUCT_DESIGN_GATES_BLOCKED","TEST-080","Build + Acceptance","first-batch-stories.md;traceability.csv","PLANNED_NOT_STARTED","Engineering + QA"
"US-036","把规划方案交给下一角色","V1-A","US-036","_bmad-output/implementation-artifacts/fleet-office-epics-and-stories.md;_bmad-output/planning-artifacts/ux-designs/ux-fleet-office-2026-08-20/EXPERIENCE.md","NOT_STARTED_PRODUCT_DESIGN_GATES_BLOCKED","TEST-081","Build + Acceptance","first-batch-stories.md;traceability.csv","PLANNED_NOT_STARTED","Engineering + QA"
"US-037","配置客户 SLA 和升级规则","V1.5","US-037","_bmad-output/implementation-artifacts/fleet-office-epics-and-stories.md;_bmad-output/planning-artifacts/ux-designs/ux-fleet-office-2026-08-20/EXPERIENCE.md","NOT_STARTED_PRODUCT_DESIGN_GATES_BLOCKED","TEST-082","Build + Acceptance","first-batch-stories.md;traceability.csv","PLANNED_NOT_STARTED","Engineering + QA"
"US-038","审阅并发送客户通知","V1.5","US-038","_bmad-output/implementation-artifacts/fleet-office-epics-and-stories.md;_bmad-output/planning-artifacts/ux-designs/ux-fleet-office-2026-08-20/EXPERIENCE.md","NOT_STARTED_PRODUCT_DESIGN_GATES_BLOCKED","TEST-083;TEST-084","Build + Acceptance","first-batch-stories.md;traceability.csv","PLANNED_NOT_STARTED","Engineering + QA"
"US-039","处理索赔和服务案件","V1.5","US-039","_bmad-output/implementation-artifacts/fleet-office-epics-and-stories.md;_bmad-output/planning-artifacts/ux-designs/ux-fleet-office-2026-08-20/EXPERIENCE.md","NOT_STARTED_PRODUCT_DESIGN_GATES_BLOCKED","TEST-085","Build + Acceptance","first-batch-stories.md;traceability.csv","PLANNED_NOT_STARTED","Engineering + QA"
"US-040","采集并匹配运输费用","V1.5","US-040","_bmad-output/implementation-artifacts/fleet-office-epics-and-stories.md;_bmad-output/planning-artifacts/ux-designs/ux-fleet-office-2026-08-20/EXPERIENCE.md","NOT_STARTED_PRODUCT_DESIGN_GATES_BLOCKED","TEST-086","Build + Acceptance","first-batch-stories.md;traceability.csv","PLANNED_NOT_STARTED","Engineering + QA"
"US-041","调查结算差异","V1.5","US-041","_bmad-output/implementation-artifacts/fleet-office-epics-and-stories.md;_bmad-output/planning-artifacts/ux-designs/ux-fleet-office-2026-08-20/EXPERIENCE.md","NOT_STARTED_PRODUCT_DESIGN_GATES_BLOCKED","TEST-087;TEST-088","Build + Acceptance","first-batch-stories.md;traceability.csv","PLANNED_NOT_STARTED","Engineering + QA"
"US-042","查看客户服务与成本摘要","V1.5","US-042","_bmad-output/implementation-artifacts/fleet-office-epics-and-stories.md;_bmad-output/planning-artifacts/ux-designs/ux-fleet-office-2026-08-20/EXPERIENCE.md","NOT_STARTED_PRODUCT_DESIGN_GATES_BLOCKED","TEST-089","Build + Acceptance","first-batch-stories.md;traceability.csv","PLANNED_NOT_STARTED","Engineering + QA"
"US-043","用注册工具构建 Playbook","V1.5","US-043","_bmad-output/implementation-artifacts/fleet-office-epics-and-stories.md;_bmad-output/planning-artifacts/ux-designs/ux-fleet-office-2026-08-20/EXPERIENCE.md","NOT_STARTED_PRODUCT_DESIGN_GATES_BLOCKED","TEST-090","Build + Acceptance","first-batch-stories.md;traceability.csv","PLANNED_NOT_STARTED","Engineering + QA"
"US-044","测试、发布和回滚 Playbook","V1.5","US-044","_bmad-output/implementation-artifacts/fleet-office-epics-and-stories.md;_bmad-output/planning-artifacts/ux-designs/ux-fleet-office-2026-08-20/EXPERIENCE.md","NOT_STARTED_PRODUCT_DESIGN_GATES_BLOCKED","TEST-091;TEST-092","Build + Acceptance","first-batch-stories.md;traceability.csv","PLANNED_NOT_STARTED","Engineering + QA"
"US-045","查看和安全重放自动化运行","V1.5","US-045","_bmad-output/implementation-artifacts/fleet-office-epics-and-stories.md;_bmad-output/planning-artifacts/ux-designs/ux-fleet-office-2026-08-20/EXPERIENCE.md","NOT_STARTED_PRODUCT_DESIGN_GATES_BLOCKED","TEST-093","Build + Acceptance","first-batch-stories.md;traceability.csv","PLANNED_NOT_STARTED","Engineering + QA"
"US-046","管理带版本和引用的知识","V1.5","US-046","_bmad-output/implementation-artifacts/fleet-office-epics-and-stories.md;_bmad-output/planning-artifacts/ux-designs/ux-fleet-office-2026-08-20/EXPERIENCE.md","NOT_STARTED_PRODUCT_DESIGN_GATES_BLOCKED","TEST-094;TEST-095","Build + Acceptance","first-batch-stories.md;traceability.csv","PLANNED_NOT_STARTED","Engineering + QA"
"US-047","处理知识冲突和影响","V1.5","US-047","_bmad-output/implementation-artifacts/fleet-office-epics-and-stories.md;_bmad-output/planning-artifacts/ux-designs/ux-fleet-office-2026-08-20/EXPERIENCE.md","NOT_STARTED_PRODUCT_DESIGN_GATES_BLOCKED","TEST-096","Build + Acceptance","first-batch-stories.md;traceability.csv","PLANNED_NOT_STARTED","Engineering + QA"
"US-048","治理 Agent、Skill、Tool 和模型","V1.5","US-048","_bmad-output/implementation-artifacts/fleet-office-epics-and-stories.md;_bmad-output/planning-artifacts/ux-designs/ux-fleet-office-2026-08-20/EXPERIENCE.md","NOT_STARTED_PRODUCT_DESIGN_GATES_BLOCKED","TEST-097","Build + Acceptance","first-batch-stories.md;traceability.csv","PLANNED_NOT_STARTED","Engineering + QA"
"US-049","用评估集阻止不合格版本","V1.5","US-049","_bmad-output/implementation-artifacts/fleet-office-epics-and-stories.md;_bmad-output/planning-artifacts/ux-designs/ux-fleet-office-2026-08-20/EXPERIENCE.md","NOT_STARTED_PRODUCT_DESIGN_GATES_BLOCKED","TEST-098;TEST-099","Build + Acceptance","first-batch-stories.md;traceability.csv","PLANNED_NOT_STARTED","Engineering + QA"
"US-050","定义并查询统一经营指标","V2","US-050","_bmad-output/implementation-artifacts/fleet-office-epics-and-stories.md;_bmad-output/planning-artifacts/ux-designs/ux-fleet-office-2026-08-20/EXPERIENCE.md","NOT_STARTED_PRODUCT_DESIGN_GATES_BLOCKED","TEST-100","Build + Acceptance","first-batch-stories.md;traceability.csv","PLANNED_NOT_STARTED","Engineering + QA"
"US-051","从 KPI 下钻到根因证据","V2","US-051","_bmad-output/implementation-artifacts/fleet-office-epics-and-stories.md;_bmad-output/planning-artifacts/ux-designs/ux-fleet-office-2026-08-20/EXPERIENCE.md","NOT_STARTED_PRODUCT_DESIGN_GATES_BLOCKED","TEST-101","Build + Acceptance","first-batch-stories.md;traceability.csv","PLANNED_NOT_STARTED","Engineering + QA"
"US-052","预测需求和运力缺口","V2","US-052","_bmad-output/implementation-artifacts/fleet-office-epics-and-stories.md;_bmad-output/planning-artifacts/ux-designs/ux-fleet-office-2026-08-20/EXPERIENCE.md","NOT_STARTED_PRODUCT_DESIGN_GATES_BLOCKED","TEST-102","Build + Acceptance","first-batch-stories.md;traceability.csv","PLANNED_NOT_STARTED","Engineering + QA"
"US-053","分析线路和客户盈利","V2","US-053","_bmad-output/implementation-artifacts/fleet-office-epics-and-stories.md;_bmad-output/planning-artifacts/ux-designs/ux-fleet-office-2026-08-20/EXPERIENCE.md","NOT_STARTED_PRODUCT_DESIGN_GATES_BLOCKED","TEST-103","Build + Acceptance","first-batch-stories.md;traceability.csv","PLANNED_NOT_STARTED","Engineering + QA"
"US-054","生成可审阅管理层日报","V2","US-054","_bmad-output/implementation-artifacts/fleet-office-epics-and-stories.md;_bmad-output/planning-artifacts/ux-designs/ux-fleet-office-2026-08-20/EXPERIENCE.md","NOT_STARTED_PRODUCT_DESIGN_GATES_BLOCKED","TEST-104","Build + Acceptance","first-batch-stories.md;traceability.csv","PLANNED_NOT_STARTED","Engineering + QA"
"US-055","把优化建议转为改善闭环","V2","US-055","_bmad-output/implementation-artifacts/fleet-office-epics-and-stories.md;_bmad-output/planning-artifacts/ux-designs/ux-fleet-office-2026-08-20/EXPERIENCE.md","NOT_STARTED_PRODUCT_DESIGN_GATES_BLOCKED","TEST-105","Build + Acceptance","first-batch-stories.md;traceability.csv","PLANNED_NOT_STARTED","Engineering + QA"
"US-056","治理 AI 使用、成本和收益","V2","US-056","_bmad-output/implementation-artifacts/fleet-office-epics-and-stories.md;_bmad-output/planning-artifacts/ux-designs/ux-fleet-office-2026-08-20/EXPERIENCE.md","NOT_STARTED_PRODUCT_DESIGN_GATES_BLOCKED","TEST-106;TEST-107;TEST-108","Build + Acceptance","first-batch-stories.md;traceability.csv","PLANNED_NOT_STARTED","Engineering + QA"
"US-057","按角色组合工作空间","V1-B","US-057","_bmad-output/implementation-artifacts/fleet-office-epics-and-stories.md;_bmad-output/planning-artifacts/ux-designs/ux-fleet-office-2026-08-20/EXPERIENCE.md","NOT_STARTED_PRODUCT_DESIGN_GATES_BLOCKED","TEST-109;TEST-110;TEST-111","Build + Acceptance","first-batch-stories.md;traceability.csv","PLANNED_NOT_STARTED","Engineering + QA"
"US-058","物流老板查看经营驾驶舱","V1-B","US-058","_bmad-output/implementation-artifacts/fleet-office-epics-and-stories.md;_bmad-output/planning-artifacts/ux-designs/ux-fleet-office-2026-08-20/EXPERIENCE.md","NOT_STARTED_PRODUCT_DESIGN_GATES_BLOCKED","TEST-112;TEST-113;TEST-114","Build + Acceptance","first-batch-stories.md;traceability.csv","PLANNED_NOT_STARTED","Engineering + QA"
"US-059","车队长发布班次并控制就绪度","V1-B","US-059","_bmad-output/implementation-artifacts/fleet-office-epics-and-stories.md;_bmad-output/planning-artifacts/ux-designs/ux-fleet-office-2026-08-20/EXPERIENCE.md","NOT_STARTED_PRODUCT_DESIGN_GATES_BLOCKED","TEST-115;TEST-116;TEST-117","Build + Acceptance","first-batch-stories.md;traceability.csv","PLANNED_NOT_STARTED","Engineering + QA"
"US-060","物流专员处理履约工作箱","V1-B","US-060","_bmad-output/implementation-artifacts/fleet-office-epics-and-stories.md;_bmad-output/planning-artifacts/ux-designs/ux-fleet-office-2026-08-20/EXPERIENCE.md","NOT_STARTED_PRODUCT_DESIGN_GATES_BLOCKED","TEST-118;TEST-119;TEST-120","Build + Acceptance","first-batch-stories.md;traceability.csv","PLANNED_NOT_STARTED","Engineering + QA"
"US-061","调度员在时间轴锁定并发布人车","V1-B","US-061","_bmad-output/implementation-artifacts/fleet-office-epics-and-stories.md;_bmad-output/planning-artifacts/ux-designs/ux-fleet-office-2026-08-20/EXPERIENCE.md","NOT_STARTED_PRODUCT_DESIGN_GATES_BLOCKED","TEST-121;TEST-122;TEST-123;TEST-124","Build + Acceptance","first-batch-stories.md;traceability.csv","PLANNED_NOT_STARTED","Engineering + QA"
"US-062","跨班次接受、退回和升级交接","V1-B","US-062","_bmad-output/implementation-artifacts/fleet-office-epics-and-stories.md;_bmad-output/planning-artifacts/ux-designs/ux-fleet-office-2026-08-20/EXPERIENCE.md","NOT_STARTED_PRODUCT_DESIGN_GATES_BLOCKED","TEST-125;TEST-126;TEST-127","Build + Acceptance","first-batch-stories.md;traceability.csv","PLANNED_NOT_STARTED","Engineering + QA"
"US-063","司机接收并执行任务与站点","V1-B","US-063","_bmad-output/implementation-artifacts/fleet-office-epics-and-stories.md;_bmad-output/planning-artifacts/ux-designs/ux-fleet-office-2026-08-20/EXPERIENCE.md","NOT_STARTED_PRODUCT_DESIGN_GATES_BLOCKED","TEST-128;TEST-129;TEST-130","Build + Acceptance","first-batch-stories.md;traceability.csv","PLANNED_NOT_STARTED","Engineering + QA"
"US-064","司机上报异常、收消息并提交回单","V1-B","US-064","_bmad-output/implementation-artifacts/fleet-office-epics-and-stories.md;_bmad-output/planning-artifacts/ux-designs/ux-fleet-office-2026-08-20/EXPERIENCE.md","NOT_STARTED_PRODUCT_DESIGN_GATES_BLOCKED","TEST-131;TEST-132;TEST-133","Build + Acceptance","first-batch-stories.md;traceability.csv","PLANNED_NOT_STARTED","Engineering + QA"
"US-065","弱网下安全补传司机命令","V1-B","US-065","_bmad-output/implementation-artifacts/fleet-office-epics-and-stories.md;_bmad-output/planning-artifacts/ux-designs/ux-fleet-office-2026-08-20/EXPERIENCE.md","NOT_STARTED_PRODUCT_DESIGN_GATES_BLOCKED","TEST-134;TEST-135;TEST-136","Build + Acceptance","first-batch-stories.md;traceability.csv","PLANNED_NOT_STARTED","Engineering + QA"
"US-066","驾驶中进入安全模式","V1-B","US-066","_bmad-output/implementation-artifacts/fleet-office-epics-and-stories.md;_bmad-output/planning-artifacts/ux-designs/ux-fleet-office-2026-08-20/EXPERIENCE.md","NOT_STARTED_PRODUCT_DESIGN_GATES_BLOCKED","TEST-137;TEST-138;TEST-139","Build + Acceptance","first-batch-stories.md;traceability.csv","PLANNED_NOT_STARTED","Engineering + QA"
"US-067","按角色约束 AI 模式与工具","V1-B","US-067","_bmad-output/implementation-artifacts/fleet-office-epics-and-stories.md;_bmad-output/planning-artifacts/ux-designs/ux-fleet-office-2026-08-20/EXPERIENCE.md","NOT_STARTED_PRODUCT_DESIGN_GATES_BLOCKED","TEST-140;TEST-141;TEST-142","Build + Acceptance","first-batch-stories.md;traceability.csv","PLANNED_NOT_STARTED","Engineering + QA"
"US-068","处理替班和设备会话","V1-B","US-068","_bmad-output/implementation-artifacts/fleet-office-epics-and-stories.md;_bmad-output/planning-artifacts/ux-designs/ux-fleet-office-2026-08-20/EXPERIENCE.md","NOT_STARTED_PRODUCT_DESIGN_GATES_BLOCKED","TEST-143;TEST-144;TEST-145","Build + Acceptance","first-batch-stories.md;traceability.csv","PLANNED_NOT_STARTED","Engineering + QA"
"US-069","统一管理混合资产并看见运营状态","V1-B","US-069","_bmad-output/implementation-artifacts/fleet-office-epics-and-stories.md;_bmad-output/planning-artifacts/ux-designs/ux-fleet-office-2026-08-20/EXPERIENCE.md","NOT_STARTED_PRODUCT_DESIGN_GATES_BLOCKED","MISSING_EXISTING_TEST_ID","Build + Acceptance","first-batch-stories.md;traceability.csv","BLOCKED_TEST_CONTRACT_MISSING","Engineering + QA"
"US-070","从司机检查和故障形成可行动缺陷","V1-B","US-070","_bmad-output/implementation-artifacts/fleet-office-epics-and-stories.md;_bmad-output/planning-artifacts/ux-designs/ux-fleet-office-2026-08-20/EXPERIENCE.md","NOT_STARTED_PRODUCT_DESIGN_GATES_BLOCKED","MISSING_EXISTING_TEST_ID","Build + Acceptance","first-batch-stories.md;traceability.csv","BLOCKED_TEST_CONTRACT_MISSING","Engineering + QA"
"US-071","完成保养和维修工单全生命周期","V1-B","US-071","_bmad-output/implementation-artifacts/fleet-office-epics-and-stories.md;_bmad-output/planning-artifacts/ux-designs/ux-fleet-office-2026-08-20/EXPERIENCE.md","NOT_STARTED_PRODUCT_DESIGN_GATES_BLOCKED","MISSING_EXISTING_TEST_ID","Build + Acceptance","first-batch-stories.md;traceability.csv","BLOCKED_TEST_CONTRACT_MISSING","Engineering + QA"
"US-072","维修完工后放行车辆并重算运输影响","V1-B","US-072","_bmad-output/implementation-artifacts/fleet-office-epics-and-stories.md;_bmad-output/planning-artifacts/ux-designs/ux-fleet-office-2026-08-20/EXPERIENCE.md","NOT_STARTED_PRODUCT_DESIGN_GATES_BLOCKED","MISSING_EXISTING_TEST_ID","Build + Acceptance","first-batch-stories.md;traceability.csv","BLOCKED_TEST_CONTRACT_MISSING","Engineering + QA"
"US-073","把安全事件转成辅导和改善结果","V1-B","US-073","_bmad-output/implementation-artifacts/fleet-office-epics-and-stories.md;_bmad-output/planning-artifacts/ux-designs/ux-fleet-office-2026-08-20/EXPERIENCE.md","NOT_STARTED_PRODUCT_DESIGN_GATES_BLOCKED","MISSING_EXISTING_TEST_ID","Build + Acceptance","first-batch-stories.md;traceability.csv","BLOCKED_TEST_CONTRACT_MISSING","Engineering + QA"
"US-074","调查油能异常并理解车辆全生命周期成本","V1-B","US-074","_bmad-output/implementation-artifacts/fleet-office-epics-and-stories.md;_bmad-output/planning-artifacts/ux-designs/ux-fleet-office-2026-08-20/EXPERIENCE.md","NOT_STARTED_PRODUCT_DESIGN_GATES_BLOCKED","MISSING_EXISTING_TEST_ID","Build + Acceptance","first-batch-stories.md;traceability.csv","BLOCKED_TEST_CONTRACT_MISSING","Engineering + QA"
"TEST-001","And 忽略浏览器提交的 tenant_id，记录 request/trace ID（TEST-001）","Foundation 0 / V1-A","US-001","_bmad-output/implementation-artifacts/fleet-office-epics-and-stories.md","NOT_IMPLEMENTED","TEST-001","Build or Acceptance Gate","Future JUnit/JSON/Playwright evidence","PLANNED_NOT_IMPLEMENTED","QA + Engineering"
"TEST-002","And 敏感拒绝事件写入审计（TEST-002）","Foundation 0 / V1-A","US-001","_bmad-output/implementation-artifacts/fleet-office-epics-and-stories.md","NOT_IMPLEMENTED","TEST-002","Build or Acceptance Gate","Future JUnit/JSON/Playwright evidence","PLANNED_NOT_IMPLEMENTED","QA + Engineering"
"TEST-003","Then 新权限立即生效，旧会话不可继续提升访问（TEST-003）","Foundation 0 / V1-A","US-001","_bmad-output/implementation-artifacts/fleet-office-epics-and-stories.md","NOT_IMPLEMENTED","TEST-003","Build or Acceptance Gate","Future JUnit/JSON/Playwright evidence","PLANNED_NOT_IMPLEMENTED","QA + Engineering"
"TEST-004","And 保存组织、标签、属性、版本和最后同步时间（TEST-004）","Foundation 0 / V1-A","US-002","_bmad-output/implementation-artifacts/fleet-office-epics-and-stories.md","NOT_IMPLEMENTED","TEST-004","Build or Acceptance Gate","Future JUnit/JSON/Playwright evidence","PLANNED_NOT_IMPLEMENTED","QA + Engineering"
"TEST-005","And 结果可直接打开对象深链接（TEST-005）","Foundation 0 / V1-A","US-002","_bmad-output/implementation-artifacts/fleet-office-epics-and-stories.md","NOT_IMPLEMENTED","TEST-005","Build or Acceptance Gate","Future JUnit/JSON/Playwright evidence","PLANNED_NOT_IMPLEMENTED","QA + Engineering"
"TEST-006","And 可重试性与 upstream reference 可供管理员查看（TEST-006）","Foundation 0 / V1-A","US-002","_bmad-output/implementation-artifacts/fleet-office-epics-and-stories.md","NOT_IMPLEMENTED","TEST-006","Build or Acceptance Gate","Future JUnit/JSON/Playwright evidence","PLANNED_NOT_IMPLEMENTED","QA + Engineering"
"TEST-007","And 状态同时使用文本、图标和颜色（TEST-007）","Foundation 0 / V1-A","US-003","_bmad-output/implementation-artifacts/fleet-office-epics-and-stories.md","NOT_IMPLEMENTED","TEST-007","Build or Acceptance Gate","Future JUnit/JSON/Playwright evidence","PLANNED_NOT_IMPLEMENTED","QA + Engineering"
"TEST-008","And 超过范围时在发出外部请求前给出可行动错误（TEST-008）","Foundation 0 / V1-A","US-003","_bmad-output/implementation-artifacts/fleet-office-epics-and-stories.md","NOT_IMPLEMENTED","TEST-008","Build or Acceptance Gate","Future JUnit/JSON/Playwright evidence","PLANNED_NOT_IMPLEMENTED","QA + Engineering"
"TEST-009","And 本地工作仍可查看和记录（TEST-009）","Foundation 0 / V1-A","US-003","_bmad-output/implementation-artifacts/fleet-office-epics-and-stories.md","NOT_IMPLEMENTED","TEST-009","Build or Acceptance Gate","Future JUnit/JSON/Playwright evidence","PLANNED_NOT_IMPLEMENTED","QA + Engineering"
"TEST-010","And 每条记录包含对象、原因、时间、新鲜度、责任和一个主动作（TEST-010）","Foundation 0 / V1-A","US-004","_bmad-output/implementation-artifacts/fleet-office-epics-and-stories.md","NOT_IMPLEMENTED","TEST-010","Build or Acceptance Gate","Future JUnit/JSON/Playwright evidence","PLANNED_NOT_IMPLEMENTED","QA + Engineering"
"TEST-011","And 写命令只打开预填编排器，不直接执行（TEST-011）","Foundation 0 / V1-A","US-004","_bmad-output/implementation-artifacts/fleet-office-epics-and-stories.md","NOT_IMPLEMENTED","TEST-011","Build or Acceptance Gate","Future JUnit/JSON/Playwright evidence","PLANNED_NOT_IMPLEMENTED","QA + Engineering"
"TEST-012","And 全流程可用键盘完成并具有可见焦点（TEST-012）","Foundation 0 / V1-A","US-004","_bmad-output/implementation-artifacts/fleet-office-epics-and-stories.md","NOT_IMPLEMENTED","TEST-012","Build or Acceptance Gate","Future JUnit/JSON/Playwright evidence","PLANNED_NOT_IMPLEMENTED","QA + Engineering"
"TEST-013","Then 可保存派车草稿，状态为 DRAFT，不触发 G7 写入（TEST-013）","V1-A","US-005","_bmad-output/implementation-artifacts/fleet-office-epics-and-stories.md","NOT_IMPLEMENTED","TEST-013","Build or Acceptance Gate","Future JUnit/JSON/Playwright evidence","PLANNED_NOT_IMPLEMENTED","QA + Engineering"
"TEST-014","And 阻塞与建议使用不同语义，建议可覆盖并记录理由（TEST-014）","V1-A","US-005","_bmad-output/implementation-artifacts/fleet-office-epics-and-stories.md","NOT_IMPLEMENTED","TEST-014","Build or Acceptance Gate","Future JUnit/JSON/Playwright evidence","PLANNED_NOT_IMPLEMENTED","QA + Engineering"
"TEST-015","Then 确认被阻止并显示冲突对象/时间，未经重新选择不可继续（TEST-015）","V1-A","US-006","_bmad-output/implementation-artifacts/fleet-office-epics-and-stories.md","NOT_IMPLEMENTED","TEST-015","Build or Acceptance Gate","Future JUnit/JSON/Playwright evidence","PLANNED_NOT_IMPLEMENTED","QA + Engineering"
"TEST-016","Then 本地校验与数据库约束均拒绝命令，且不会发送 G7 请求（TEST-016）","V1-A","US-006","_bmad-output/implementation-artifacts/fleet-office-epics-and-stories.md","NOT_IMPLEMENTED","TEST-016","Build or Acceptance Gate","Future JUnit/JSON/Playwright evidence","PLANNED_NOT_IMPLEMENTED","QA + Engineering"
"TEST-017","And 重复提交相同 Idempotency-Key 只返回原结果（TEST-017）","V1-A","US-006","_bmad-output/implementation-artifacts/fleet-office-epics-and-stories.md","NOT_IMPLEMENTED","TEST-017","Build or Acceptance Gate","Future JUnit/JSON/Playwright evidence","PLANNED_NOT_IMPLEMENTED","QA + Engineering"
"TEST-018","And 乱序到达不会覆盖较新的事实（TEST-018）","V1-A","US-007","_bmad-output/implementation-artifacts/fleet-office-epics-and-stories.md","NOT_IMPLEMENTED","TEST-018","Build or Acceptance Gate","Future JUnit/JSON/Playwright evidence","PLANNED_NOT_IMPLEMENTED","QA + Engineering"
"TEST-019","Then 工作与派车、车辆、司机和来源事实关联，且出现在“今天”（TEST-019）","V1-A","US-007","_bmad-output/implementation-artifacts/fleet-office-epics-and-stories.md","NOT_IMPLEMENTED","TEST-019","Build or Acceptance Gate","Future JUnit/JSON/Playwright evidence","PLANNED_NOT_IMPLEMENTED","QA + Engineering"
"TEST-020","Then 仍由计划、位置历史和围栏记录完整工作，不调用 developing 接口（TEST-020）","V1-A","US-007","_bmad-output/implementation-artifacts/fleet-office-epics-and-stories.md","NOT_IMPLEMENTED","TEST-020","Build or Acceptance Gate","Future JUnit/JSON/Playwright evidence","PLANNED_NOT_IMPLEMENTED","QA + Engineering"
"TEST-021","And UI 显示最后尝试、影响和重试/撤销动作（TEST-021）","V1-A","US-008","_bmad-output/implementation-artifacts/fleet-office-epics-and-stories.md","NOT_IMPLEMENTED","TEST-021","Build or Acceptance Gate","Future JUnit/JSON/Playwright evidence","PLANNED_NOT_IMPLEMENTED","QA + Engineering"
"TEST-022","Then 状态收敛为 SYNCED，不产生重复绑定（TEST-022）","V1-A","US-008","_bmad-output/implementation-artifacts/fleet-office-epics-and-stories.md","NOT_IMPLEMENTED","TEST-022","Build or Acceptance Gate","Future JUnit/JSON/Playwright evidence","PLANNED_NOT_IMPLEMENTED","QA + Engineering"
"TEST-023","Then 生成管理员运营工作并携带 request/trace/upstream reference（TEST-023）","V1-A","US-008","_bmad-output/implementation-artifacts/fleet-office-epics-and-stories.md","NOT_IMPLEMENTED","TEST-023","Build or Acceptance Gate","Future JUnit/JSON/Playwright evidence","PLANNED_NOT_IMPLEMENTED","QA + Engineering"
"TEST-024","Then 按租户、来源事件 ID 和 payload hash 幂等保存，游标只在成功处理后推进（TEST-024）","V1-C","US-009","_bmad-output/implementation-artifacts/fleet-office-epics-and-stories.md","NOT_IMPLEMENTED","TEST-024","Build or Acceptance Gate","Future JUnit/JSON/Playwright evidence","PLANNED_NOT_IMPLEMENTED","QA + Engineering"
"TEST-025","And 缺口和恢复结果进入审计/指标（TEST-025）","V1-C","US-009","_bmad-output/implementation-artifacts/fleet-office-epics-and-stories.md","NOT_IMPLEMENTED","TEST-025","Build or Acceptance Gate","Future JUnit/JSON/Playwright evidence","PLANNED_NOT_IMPLEMENTED","QA + Engineering"
"TEST-026","Then 该租户按退避重试，不阻塞其他租户分区（TEST-026）","V1-C","US-009","_bmad-output/implementation-artifacts/fleet-office-epics-and-stories.md","NOT_IMPLEMENTED","TEST-026","Build or Acceptance Gate","Future JUnit/JSON/Playwright evidence","PLANNED_NOT_IMPLEMENTED","QA + Engineering"
"TEST-027","Then 形成带 rule_version、依据、车辆、司机、媒体状态和 SLA 的 SafetyCase（TEST-027）","V1-C","US-010","_bmad-output/implementation-artifacts/fleet-office-epics-and-stories.md","NOT_IMPLEMENTED","TEST-027","Build or Acceptance Gate","Future JUnit/JSON/Playwright evidence","PLANNED_NOT_IMPLEMENTED","QA + Engineering"
"TEST-028","And 原始事实全部保留（TEST-028）","V1-C","US-010","_bmad-output/implementation-artifacts/fleet-office-epics-and-stories.md","NOT_IMPLEMENTED","TEST-028","Build or Acceptance Gate","Future JUnit/JSON/Playwright evidence","PLANNED_NOT_IMPLEMENTED","QA + Engineering"
"TEST-029","Then Case 原子进入 CLAIMED，记录责任人、SLA 和审计事件（TEST-029）","V1-C","US-011","_bmad-output/implementation-artifacts/fleet-office-epics-and-stories.md","NOT_IMPLEMENTED","TEST-029","Build or Acceptance Gate","Future JUnit/JSON/Playwright evidence","PLANNED_NOT_IMPLEMENTED","QA + Engineering"
"TEST-030","Then 保存结构化结果、说明和附件引用，事实区仍不可编辑（TEST-030）","V1-C","US-011","_bmad-output/implementation-artifacts/fleet-office-epics-and-stories.md","NOT_IMPLEMENTED","TEST-030","Build or Acceptance Gate","Future JUnit/JSON/Playwright evidence","PLANNED_NOT_IMPLEMENTED","QA + Engineering"
"TEST-031","Then 状态进入 REVIEW_PENDING，只有不同的复核角色可确认关闭（TEST-031）","V1-C","US-011","_bmad-output/implementation-artifacts/fleet-office-epics-and-stories.md","NOT_IMPLEMENTED","TEST-031","Build or Acceptance Gate","Future JUnit/JSON/Playwright evidence","PLANNED_NOT_IMPLEMENTED","QA + Engineering"
"TEST-032","Then 通过短期授权展示图片/视频状态/回放或外链，不暴露长期源 URL（TEST-032）","V1-C","US-012","_bmad-output/implementation-artifacts/fleet-office-epics-and-stories.md","NOT_IMPLEMENTED","TEST-032","Build or Acceptance Gate","Future JUnit/JSON/Playwright evidence","PLANNED_NOT_IMPLEMENTED","QA + Engineering"
"TEST-033","Then 显示真实状态、更新时间和可行动选项，不显示为“无风险”（TEST-033）","V1-C","US-012","_bmad-output/implementation-artifacts/fleet-office-epics-and-stories.md","NOT_IMPLEMENTED","TEST-033","Build or Acceptance Gate","Future JUnit/JSON/Playwright evidence","PLANNED_NOT_IMPLEMENTED","QA + Engineering"
"TEST-034","Then 追加修订并重新进入待判断，保留原结论和复核记录（TEST-034）","V1-C","US-012","_bmad-output/implementation-artifacts/fleet-office-epics-and-stories.md","NOT_IMPLEMENTED","TEST-034","Build or Acceptance Gate","Future JUnit/JSON/Playwright evidence","PLANNED_NOT_IMPLEMENTED","QA + Engineering"
"TEST-035","And 每项标明来源与版本/时间（TEST-035）","V1-B","US-013","_bmad-output/implementation-artifacts/fleet-office-epics-and-stories.md","NOT_IMPLEMENTED","TEST-035","Build or Acceptance Gate","Future JUnit/JSON/Playwright evidence","PLANNED_NOT_IMPLEMENTED","QA + Engineering"
"TEST-036","Then 新版本生效，旧版本仍可审计；到期日晚于签发日（TEST-036）","V1-B","US-013","_bmad-output/implementation-artifacts/fleet-office-epics-and-stories.md","NOT_IMPLEMENTED","TEST-036","Build or Acceptance Gate","Future JUnit/JSON/Playwright evidence","PLANNED_NOT_IMPLEMENTED","QA + Engineering"
"TEST-037","Then 幂等生成带规则版本、责任和计划时间的到期工作（TEST-037）","V1-B","US-014","_bmad-output/implementation-artifacts/fleet-office-epics-and-stories.md","NOT_IMPLEMENTED","TEST-037","Build or Acceptance Gate","Future JUnit/JSON/Playwright evidence","PLANNED_NOT_IMPLEMENTED","QA + Engineering"
"TEST-038","Then 工作进入完成，车辆档案追加结果版本并计算下一周期（TEST-038）","V1-B","US-014","_bmad-output/implementation-artifacts/fleet-office-epics-and-stories.md","NOT_IMPLEMENTED","TEST-038","Build or Acceptance Gate","Future JUnit/JSON/Playwright evidence","PLANNED_NOT_IMPLEMENTED","QA + Engineering"
"TEST-039","Then 显示数据延迟，不把车辆标为正常；用户仍可用有理由的人工值完成记录（TEST-039）","V1-B","US-014","_bmad-output/implementation-artifacts/fleet-office-epics-and-stories.md","NOT_IMPLEMENTED","TEST-039","Build or Acceptance Gate","Future JUnit/JSON/Playwright evidence","PLANNED_NOT_IMPLEMENTED","QA + Engineering"
"TEST-040","And 错误行可下载且不含越权对象（TEST-040）","V1-B","US-015","_bmad-output/implementation-artifacts/fleet-office-epics-and-stories.md","NOT_IMPLEMENTED","TEST-040","Build or Acceptance Gate","Future JUnit/JSON/Playwright evidence","PLANNED_NOT_IMPLEMENTED","QA + Engineering"
"TEST-041","Then 以租户内外部 ID 和作业幂等键执行一次，不产生重复对象（TEST-041）","V1-B","US-015","_bmad-output/implementation-artifacts/fleet-office-epics-and-stories.md","NOT_IMPLEMENTED","TEST-041","Build or Acceptance Gate","Future JUnit/JSON/Playwright evidence","PLANNED_NOT_IMPLEMENTED","QA + Engineering"
"TEST-042","Then 异步生成加密、短期有效文件，记录审批人、下载人和次数（TEST-042）","V1-B","US-015","_bmad-output/implementation-artifacts/fleet-office-epics-and-stories.md","NOT_IMPLEMENTED","TEST-042","Build or Acceptance Gate","Future JUnit/JSON/Playwright evidence","PLANNED_NOT_IMPLEMENTED","QA + Engineering"
"TEST-043","Then 先软删除并进入审批，保留法定/合同优先级和外部删除执行结果（TEST-043）","V1-B","US-016","_bmad-output/implementation-artifacts/fleet-office-epics-and-stories.md","NOT_IMPLEMENTED","TEST-043","Build or Acceptance Gate","Future JUnit/JSON/Playwright evidence","PLANNED_NOT_IMPLEMENTED","QA + Engineering"
"TEST-044","Then 提前显示剩余额度；超限返回可行动错误且不无限重试 G7（TEST-044）","V1-B","US-016","_bmad-output/implementation-artifacts/fleet-office-epics-and-stories.md","NOT_IMPLEMENTED","TEST-044","Build or Acceptance Gate","Future JUnit/JSON/Playwright evidence","PLANNED_NOT_IMPLEMENTED","QA + Engineering"
"TEST-045","And 审计结果继续受租户/角色范围保护（TEST-045）","V1-B","US-016","_bmad-output/implementation-artifacts/fleet-office-epics-and-stories.md","NOT_IMPLEMENTED","TEST-045","Build or Acceptance Gate","Future JUnit/JSON/Playwright evidence","PLANNED_NOT_IMPLEMENTED","QA + Engineering"
"TEST-046","Then 固化租户、组织/标签、对象、时间窗口、操作者和 Context Pack 版本，生成可分享 resume URL（TEST-046）","V1-C","US-017","_bmad-output/implementation-artifacts/fleet-office-epics-and-stories.md","NOT_IMPLEMENTED","TEST-046","Build or Acceptance Gate","Future JUnit/JSON/Playwright evidence","PLANNED_NOT_IMPLEMENTED","QA + Engineering"
"TEST-047","Then 还原最后持久化阶段、未解决问题、审批状态和最后同步时间，不重新扩大作用域（TEST-047）","V1-C","US-017","_bmad-output/implementation-artifacts/fleet-office-epics-and-stories.md","NOT_IMPLEMENTED","TEST-047","Build or Acceptance Gate","Future JUnit/JSON/Playwright evidence","PLANNED_NOT_IMPLEMENTED","QA + Engineering"
"TEST-048","Then 由服务端拒绝并记录越权事件，模型上下文不包含被拒绝对象（TEST-048）","V1-C","US-017","_bmad-output/implementation-artifacts/fleet-office-epics-and-stories.md","NOT_IMPLEMENTED","TEST-048","Build or Acceptance Gate","Future JUnit/JSON/Playwright evidence","PLANNED_NOT_IMPLEMENTED","QA + Engineering"
"TEST-049","Then 先输出证据计划，列出 G7/本地工具、原因和完成条件，不调用写工具（TEST-049）","V1-C","US-018","_bmad-output/implementation-artifacts/fleet-office-epics-and-stories.md","NOT_IMPLEMENTED","TEST-049","Build or Acceptance Gate","Future JUnit/JSON/Playwright evidence","PLANNED_NOT_IMPLEMENTED","QA + Engineering"
"TEST-050","Then EvidenceClaim 包含来源、发生/接收时间、请求 ID、新鲜度和权限，UI 分开显示事实、推断、未知和冲突（TEST-050）","V1-C","US-018","_bmad-output/implementation-artifacts/fleet-office-epics-and-stories.md","NOT_IMPLEMENTED","TEST-050","Build or Acceptance Gate","Future JUnit/JSON/Playwright evidence","PLANNED_NOT_IMPLEMENTED","QA + Engineering"
"TEST-051","Then 显示证据缺口并提供补充范围/人工确认，不生成“已确认”结论（TEST-051）","V1-C","US-018","_bmad-output/implementation-artifacts/fleet-office-epics-and-stories.md","NOT_IMPLEMENTED","TEST-051","Build or Acceptance Gate","Future JUnit/JSON/Playwright evidence","PLANNED_NOT_IMPLEMENTED","QA + Engineering"
"TEST-052","Then 必须声明输入/输出 schema、读写类型、风险等级、幂等键、超时、可撤销性、数据范围和审计字段（TEST-052）","V1-C","US-019","_bmad-output/implementation-artifacts/fleet-office-epics-and-stories.md","NOT_IMPLEMENTED","TEST-052","Build or Acceptance Gate","Future JUnit/JSON/Playwright evidence","PLANNED_NOT_IMPLEMENTED","QA + Engineering"
"TEST-053","Then 只注入本次 Thread 作用域和服务端凭据引用，模型和浏览器永不获得 access key/签名材料（TEST-053）","V1-C","US-019","_bmad-output/implementation-artifacts/fleet-office-epics-and-stories.md","NOT_IMPLEMENTED","TEST-053","Build or Acceptance Gate","Future JUnit/JSON/Playwright evidence","PLANNED_NOT_IMPLEMENTED","QA + Engineering"
"TEST-054","Then 阻止调用、记录原因并允许用户修改范围或转人工（TEST-054）","V1-C","US-019","_bmad-output/implementation-artifacts/fleet-office-epics-and-stories.md","NOT_IMPLEMENTED","TEST-054","Build or Acceptance Gate","Future JUnit/JSON/Playwright evidence","PLANNED_NOT_IMPLEMENTED","QA + Engineering"
"TEST-055","Then RunEvent 显示阶段、工具、来源、耗时、重试次数、错误类型和下一步（TEST-055）","V1-C","US-020","_bmad-output/implementation-artifacts/fleet-office-epics-and-stories.md","NOT_IMPLEMENTED","TEST-055","Build or Acceptance Gate","Future JUnit/JSON/Playwright evidence","PLANNED_NOT_IMPLEMENTED","QA + Engineering"
"TEST-056","Then Thread 保留已完成证据，提供有界重试、改范围、降级到结构化表单或人工接管，不无限重试（TEST-056）","V1-C","US-020","_bmad-output/implementation-artifacts/fleet-office-epics-and-stories.md","NOT_IMPLEMENTED","TEST-056","Build or Acceptance Gate","Future JUnit/JSON/Playwright evidence","PLANNED_NOT_IMPLEMENTED","QA + Engineering"
"TEST-057","Then R0 直接展示，R1 保存为本地可撤销草稿并要求用户确认（TEST-057）","V1-C","US-021","_bmad-output/implementation-artifacts/fleet-office-epics-and-stories.md","NOT_IMPLEMENTED","TEST-057","Build or Acceptance Gate","Future JUnit/JSON/Playwright evidence","PLANNED_NOT_IMPLEMENTED","QA + Engineering"
"TEST-058","Then 显示目标、证据、影响、可撤销性、失败回滚、策略版本和过期时间，未批准不能执行（TEST-058）","V1-C","US-021","_bmad-output/implementation-artifacts/fleet-office-epics-and-stories.md","NOT_IMPLEMENTED","TEST-058","Build or Acceptance Gate","Future JUnit/JSON/Playwright evidence","PLANNED_NOT_IMPLEMENTED","QA + Engineering"
"TEST-059","Then 仍需不同角色第二次批准；拒绝、过期和修改参数均记录审计（TEST-059）","V1-C","US-021","_bmad-output/implementation-artifacts/fleet-office-epics-and-stories.md","NOT_IMPLEMENTED","TEST-059","Build or Acceptance Gate","Future JUnit/JSON/Playwright evidence","PLANNED_NOT_IMPLEMENTED","QA + Engineering"
"TEST-060","Then 每个 Agent Lane 显示角色、作用域、工具、耗时和证据引用；主线程不共享超出范围的数据（TEST-060）","V1-C","US-022","_bmad-output/implementation-artifacts/fleet-office-epics-and-stories.md","NOT_IMPLEMENTED","TEST-060","Build or Acceptance Gate","Future JUnit/JSON/Playwright evidence","PLANNED_NOT_IMPLEMENTED","QA + Engineering"
"TEST-061","Then 显示一致项、冲突项、未知项和建议，不掩盖少数意见（TEST-061）","V1-C","US-022","_bmad-output/implementation-artifacts/fleet-office-epics-and-stories.md","NOT_IMPLEMENTED","TEST-061","Build or Acceptance Gate","Future JUnit/JSON/Playwright evidence","PLANNED_NOT_IMPLEMENTED","QA + Engineering"
"TEST-062","Then 重新读取本地派车、G7 人车绑定/状态和相关事实，显示“已生效/待同步/回读延迟/失败”（TEST-062）","V1-C","US-023","_bmad-output/implementation-artifacts/fleet-office-epics-and-stories.md","NOT_IMPLEMENTED","TEST-062","Build or Acceptance Gate","Future JUnit/JSON/Playwright evidence","PLANNED_NOT_IMPLEMENTED","QA + Engineering"
"TEST-063","Then 本地业务与 G7 同步状态正交，不能显示“已完成”，并提供重试、撤销或人工接管（TEST-063）","V1-C","US-023","_bmad-output/implementation-artifacts/fleet-office-epics-and-stories.md","NOT_IMPLEMENTED","TEST-063","Build or Acceptance Gate","Future JUnit/JSON/Playwright evidence","PLANNED_NOT_IMPLEMENTED","QA + Engineering"
"TEST-064","Then 保存证据覆盖率、动作正确性、审批绕过、回读一致性、人工接管和 token/工具成本（TEST-064）","V1-C","US-024","_bmad-output/implementation-artifacts/fleet-office-epics-and-stories.md","NOT_IMPLEMENTED","TEST-064","Build or Acceptance Gate","Future JUnit/JSON/Playwright evidence","PLANNED_NOT_IMPLEMENTED","QA + Engineering"
"TEST-065","Then 生成包含作用域、关键事实、未知、责任人、下一步、审批状态和最后同步时间的摘要，并可从链接恢复（TEST-065）","V1-C","US-024","_bmad-output/implementation-artifacts/fleet-office-epics-and-stories.md","NOT_IMPLEMENTED","TEST-065","Build or Acceptance Gate","Future JUnit/JSON/Playwright evidence","PLANNED_NOT_IMPLEMENTED","QA + Engineering"
"TEST-066","Given 文档包含客户、货物、时窗和两个低置信字段 When 预检完成 Then 原文与抽取值并排显示，重复/缺失/冲突进入校正队列，提交保留来源与版本（TEST-066）。","V1-A","US-025","_bmad-output/implementation-artifacts/fleet-office-epics-and-stories.md","NOT_IMPLEMENTED","TEST-066","Build or Acceptance Gate","Future JUnit/JSON/Playwright evidence","PLANNED_NOT_IMPLEMENTED","QA + Engineering"
"TEST-067","Given 用户无权访问文档中的组织 When 抽取运行 Then 受限字段不进入模型上下文或结果，拒绝事件可审计（TEST-067）。","V1-A","US-025","_bmad-output/implementation-artifacts/fleet-office-epics-and-stories.md","NOT_IMPLEMENTED","TEST-067","Build or Acceptance Gate","Future JUnit/JSON/Playwright evidence","PLANNED_NOT_IMPLEMENTED","QA + Engineering"
"TEST-068","Given 多个兼容订单和容量/时窗约束 When 生成履约计划 Then 得到版本化运输段、停靠点与约束解释，未确认计划不改变生产派车（TEST-068）。","V1-A","US-026","_bmad-output/implementation-artifacts/fleet-office-epics-and-stories.md","NOT_IMPLEMENTED","TEST-068","Build or Acceptance Gate","Future JUnit/JSON/Playwright evidence","PLANNED_NOT_IMPLEMENTED","QA + Engineering"
"TEST-069","Given G7 位置与计划时窗有效 When ETA 更新 Then 显示证据、新鲜度、置信区间、受影响订单和最晚补救时间（TEST-069）。","V1-A","US-027","_bmad-output/implementation-artifacts/fleet-office-epics-and-stories.md","NOT_IMPLEMENTED","TEST-069","Build or Acceptance Gate","Future JUnit/JSON/Playwright evidence","PLANNED_NOT_IMPLEMENTED","QA + Engineering"
"TEST-070","Given 位置延迟或关键事实未知 When 计算风险 Then 降低置信度并标记未知，不把旧位置解释为准时（TEST-070）。","V1-A","US-027","_bmad-output/implementation-artifacts/fleet-office-epics-and-stories.md","NOT_IMPLEMENTED","TEST-070","Build or Acceptance Gate","Future JUnit/JSON/Playwright evidence","PLANNED_NOT_IMPLEMENTED","QA + Engineering"
"TEST-071","Given 一个车辆晚到影响多个订单和后续班次 When 打开异常 Then 图与列表一致展示订单、段、停靠点、客户、车辆、司机和后续任务，节点可回溯事件版本（TEST-071）。","V1-A","US-028","_bmad-output/implementation-artifacts/fleet-office-epics-and-stories.md","NOT_IMPLEMENTED","TEST-071","Build or Acceptance Gate","Future JUnit/JSON/Playwright evidence","PLANNED_NOT_IMPLEMENTED","QA + Engineering"
"TEST-072","Given 到货事件已发生 When 用户尝试结案 Then 系统校验签收、照片、异常说明和客户确认，缺失项转为工作，满足条件才进入结算（TEST-072）。","V1-A","US-029","_bmad-output/implementation-artifacts/fleet-office-epics-and-stories.md","NOT_IMPLEMENTED","TEST-072","Build or Acceptance Gate","Future JUnit/JSON/Playwright evidence","PLANNED_NOT_IMPLEMENTED","QA + Engineering"
"TEST-073","Given 用户打开今天工作台 When 简报加载 Then 关键变化、未来四小时风险、审批和交接按角色排序，选择后保持右侧对象/Agent 上下文（TEST-073）。","V1-A","US-030","_bmad-output/implementation-artifacts/fleet-office-epics-and-stories.md","NOT_IMPLEMENTED","TEST-073","Build or Acceptance Gate","Future JUnit/JSON/Playwright evidence","PLANNED_NOT_IMPLEMENTED","QA + Engineering"
"TEST-074","Given 车辆维护、司机班次和资格已经同步 When 打开未来日期 Then 可用、锁定、维护占用和资格风险按组织/车型聚合且带新鲜度（TEST-074）。","V1-A","US-031","_bmad-output/implementation-artifacts/fleet-office-epics-and-stories.md","NOT_IMPLEMENTED","TEST-074","Build or Acceptance Gate","Future JUnit/JSON/Playwright evidence","PLANNED_NOT_IMPLEMENTED","QA + Engineering"
"TEST-075","Given 订单需要特定载重、时窗和司机资格 When 请求候选 Then 系统分别显示阻塞、风险和建议，并引用容量、工时、位置与资格证据（TEST-075）。","V1-A","US-032","_bmad-output/implementation-artifacts/fleet-office-epics-and-stories.md","NOT_IMPLEMENTED","TEST-075","Build or Acceptance Gate","Future JUnit/JSON/Playwright evidence","PLANNED_NOT_IMPLEMENTED","QA + Engineering"
"TEST-076","Given 用户覆盖非阻塞建议 When 保存选择 Then 要求理由并保留原建议与规则版本（TEST-076）。","V1-A","US-032","_bmad-output/implementation-artifacts/fleet-office-epics-and-stories.md","NOT_IMPLEMENTED","TEST-076","Build or Acceptance Gate","Future JUnit/JSON/Playwright evidence","PLANNED_NOT_IMPLEMENTED","QA + Engineering"
"TEST-077","Given 用户复制当前计划并修改约束 When 计算场景 Then 最多三个方案使用同一指标口径并排比较，输入快照可重现且不改生产计划（TEST-077）。","V1-A","US-033","_bmad-output/implementation-artifacts/fleet-office-epics-and-stories.md","NOT_IMPLEMENTED","TEST-077","Build or Acceptance Gate","Future JUnit/JSON/Playwright evidence","PLANNED_NOT_IMPLEMENTED","QA + Engineering"
"TEST-078","Given 场景含多条运输段 When 生成草稿 Then 每项显示人车、冲突、风险和可撤销性，未确认不调用 G7（TEST-078）。","V1-A","US-034","_bmad-output/implementation-artifacts/fleet-office-epics-and-stories.md","NOT_IMPLEMENTED","TEST-078","Build or Acceptance Gate","Future JUnit/JSON/Playwright evidence","PLANNED_NOT_IMPLEMENTED","QA + Engineering"
"TEST-079","Given 用户确认批次 When 同步部分失败 Then 每项业务状态与 G7 状态独立，成功项不重复、失败项可重试或撤销（TEST-079）。","V1-A","US-034","_bmad-output/implementation-artifacts/fleet-office-epics-and-stories.md","NOT_IMPLEMENTED","TEST-079","Build or Acceptance Gate","Future JUnit/JSON/Playwright evidence","PLANNED_NOT_IMPLEMENTED","QA + Engineering"
"TEST-080","Given 未来订单超过可用运力或维护/工时造成冲突 When 预警任务运行 Then 创建带影响、最晚动作时间和补运/改约建议的工作项（TEST-080）。","V1-A","US-035","_bmad-output/implementation-artifacts/fleet-office-epics-and-stories.md","NOT_IMPLEMENTED","TEST-080","Build or Acceptance Gate","Future JUnit/JSON/Playwright evidence","PLANNED_NOT_IMPLEMENTED","QA + Engineering"
"TEST-081","Given 场景已被选择但未执行 When 用户交接 Then 责任人收到包含约束、证据、差异、待确认项和深链接的工作（TEST-081）。","V1-A","US-036","_bmad-output/implementation-artifacts/fleet-office-epics-and-stories.md","NOT_IMPLEMENTED","TEST-081","Build or Acceptance Gate","Future JUnit/JSON/Playwright evidence","PLANNED_NOT_IMPLEMENTED","QA + Engineering"
"TEST-082","Given 客户合同包含分层时限和通知规则 When 发布 SLA 版本 Then 保存作用域、生效期、联系人、渠道和升级规则，历史订单仍引用原版本（TEST-082）。","V1.5","US-037","_bmad-output/implementation-artifacts/fleet-office-epics-and-stories.md","NOT_IMPLEMENTED","TEST-082","Build or Acceptance Gate","Future JUnit/JSON/Playwright evidence","PLANNED_NOT_IMPLEMENTED","QA + Engineering"
"TEST-083","Given ETA 风险已确认 When Agent 生成通知 Then 草稿显示收件人、渠道、承诺、事实引用和未知字段，发送前可编辑（TEST-083）。","V1.5","US-038","_bmad-output/implementation-artifacts/fleet-office-epics-and-stories.md","NOT_IMPLEMENTED","TEST-083","Build or Acceptance Gate","Future JUnit/JSON/Playwright evidence","PLANNED_NOT_IMPLEMENTED","QA + Engineering"
"TEST-084","Given 用户批准发送 When Channel Adapter 返回结果 Then 时间线保存 R2 批准、消息版本、回执和可撤回状态（TEST-084）。","V1.5","US-038","_bmad-output/implementation-artifacts/fleet-office-epics-and-stories.md","NOT_IMPLEMENTED","TEST-084","Build or Acceptance Gate","Future JUnit/JSON/Playwright evidence","PLANNED_NOT_IMPLEMENTED","QA + Engineering"
"TEST-085","Given 客户对异常签收提出索赔 When 创建案件 Then 关联订单、凭证、事件、沟通、金额、责任、SLA 和复核状态（TEST-085）。","V1.5","US-039","_bmad-output/implementation-artifacts/fleet-office-epics-and-stories.md","NOT_IMPLEMENTED","TEST-085","Build or Acceptance Gate","Future JUnit/JSON/Playwright evidence","PLANNED_NOT_IMPLEMENTED","QA + Engineering"
"TEST-086","Given 导入油费、路桥和附加费 When 自动匹配 Then 显示匹配依据、置信度、重复和未匹配项，来源凭证不可被覆盖（TEST-086）。","V1.5","US-040","_bmad-output/implementation-artifacts/fleet-office-epics-and-stories.md","NOT_IMPLEMENTED","TEST-086","Build or Acceptance Gate","Future JUnit/JSON/Playwright evidence","PLANNED_NOT_IMPLEMENTED","QA + Engineering"
"TEST-087","Given 外部账单与合同计算不一致 When 打开调查器 Then 按订单/段并排显示口径、金额、证据、差异类型和 AI 原因假设（TEST-087）。","V1.5","US-041","_bmad-output/implementation-artifacts/fleet-office-epics-and-stories.md","NOT_IMPLEMENTED","TEST-087","Build or Acceptance Gate","Future JUnit/JSON/Playwright evidence","PLANNED_NOT_IMPLEMENTED","QA + Engineering"
"TEST-088","Given 用户确认调整提案 When 提交 Then 创建受审计的 R2 调整工作而不改写财务原账（TEST-088）。","V1.5","US-041","_bmad-output/implementation-artifacts/fleet-office-epics-and-stories.md","NOT_IMPLEMENTED","TEST-088","Build or Acceptance Gate","Future JUnit/JSON/Playwright evidence","PLANNED_NOT_IMPLEMENTED","QA + Engineering"
"TEST-089","Given 选择客户和时间范围 When 摘要生成 Then 准时率、异常、沟通、索赔和费用可下钻到订单证据且受权限过滤（TEST-089）。","V1.5","US-042","_bmad-output/implementation-artifacts/fleet-office-epics-and-stories.md","NOT_IMPLEMENTED","TEST-089","Build or Acceptance Gate","Future JUnit/JSON/Playwright evidence","PLANNED_NOT_IMPLEMENTED","QA + Engineering"
"TEST-090","Given 管理员创建 ETA 风险流程 When 添加步骤 Then 只能选择作用域允许的注册工具，并实时显示风险、权限、预算和回读要求（TEST-090）。","V1.5","US-043","_bmad-output/implementation-artifacts/fleet-office-epics-and-stories.md","NOT_IMPLEMENTED","TEST-090","Build or Acceptance Gate","Future JUnit/JSON/Playwright evidence","PLANNED_NOT_IMPLEMENTED","QA + Engineering"
"TEST-091","Given 草稿 Playbook When 使用脱敏案例模拟 Then 保存步骤结果、工具、审批、错误和成本，不产生生产副作用（TEST-091）。","V1.5","US-044","_bmad-output/implementation-artifacts/fleet-office-epics-and-stories.md","NOT_IMPLEMENTED","TEST-091","Build or Acceptance Gate","Future JUnit/JSON/Playwright evidence","PLANNED_NOT_IMPLEMENTED","QA + Engineering"
"TEST-092","Given 新版本扩大工具或数据范围 When 请求发布 Then 显示差异并要求相应批准，支持按组织灰度、暂停和回滚（TEST-092）。","V1.5","US-044","_bmad-output/implementation-artifacts/fleet-office-epics-and-stories.md","NOT_IMPLEMENTED","TEST-092","Build or Acceptance Gate","Future JUnit/JSON/Playwright evidence","PLANNED_NOT_IMPLEMENTED","QA + Engineering"
"TEST-093","Given 运行在外部写入后中断 When 用户重放 Then 使用原幂等键和已完成状态，从断点继续且保存完整 RunEvent（TEST-093）。","V1.5","US-045","_bmad-output/implementation-artifacts/fleet-office-epics-and-stories.md","NOT_IMPLEMENTED","TEST-093","Build or Acceptance Gate","Future JUnit/JSON/Playwright evidence","PLANNED_NOT_IMPLEMENTED","QA + Engineering"
"TEST-094","Given 上传 SOP 或合同 When 索引完成 Then 分段保留租户、组织、标签、版本、生效期和原文位置（TEST-094）。","V1.5","US-046","_bmad-output/implementation-artifacts/fleet-office-epics-and-stories.md","NOT_IMPLEMENTED","TEST-094","Build or Acceptance Gate","Future JUnit/JSON/Playwright evidence","PLANNED_NOT_IMPLEMENTED","QA + Engineering"
"TEST-095","Given 用户询问政策 When 检索回答 Then 先权限过滤且每个事实可打开引用，无证据时明确未知（TEST-095）。","V1.5","US-046","_bmad-output/implementation-artifacts/fleet-office-epics-and-stories.md","NOT_IMPLEMENTED","TEST-095","Build or Acceptance Gate","Future JUnit/JSON/Playwright evidence","PLANNED_NOT_IMPLEMENTED","QA + Engineering"
"TEST-096","Given 新合同与现行 SLA 冲突 When 发布预检 Then 列出受影响 Agent、Playbook、客户和运行，阻断高风险版本直至确认（TEST-096）。","V1.5","US-047","_bmad-output/implementation-artifacts/fleet-office-epics-and-stories.md","NOT_IMPLEMENTED","TEST-096","Build or Acceptance Gate","Future JUnit/JSON/Playwright evidence","PLANNED_NOT_IMPLEMENTED","QA + Engineering"
"TEST-097","Given 打开 AI 控制台 When 选择版本 Then 显示负责人、Prompt/Skill、模型路由、工具、数据范围、风险、预算、启停和发布历史（TEST-097）。","V1.5","US-048","_bmad-output/implementation-artifacts/fleet-office-epics-and-stories.md","NOT_IMPLEMENTED","TEST-097","Build or Acceptance Gate","Future JUnit/JSON/Playwright evidence","PLANNED_NOT_IMPLEMENTED","QA + Engineering"
"TEST-098","Given 模型、Prompt、Skill 或工具版本变化 When 运行黄金案例 Then 保存证据覆盖、动作正确性、审批绕过、回读、接管、延迟和成本（TEST-098）。","V1.5","US-049","_bmad-output/implementation-artifacts/fleet-office-epics-and-stories.md","NOT_IMPLEMENTED","TEST-098","Build or Acceptance Gate","Future JUnit/JSON/Playwright evidence","PLANNED_NOT_IMPLEMENTED","QA + Engineering"
"TEST-099","Given 任一关键门槛未达标 When 请求发布 Then 系统阻止版本并显示失败案例和回放链接（TEST-099）。","V1.5","US-049","_bmad-output/implementation-artifacts/fleet-office-epics-and-stories.md","NOT_IMPLEMENTED","TEST-099","Build or Acceptance Gate","Future JUnit/JSON/Playwright evidence","PLANNED_NOT_IMPLEMENTED","QA + Engineering"
"TEST-100","Given 定义准时率、空驶和利用率 When 发布语义版本 Then 保存公式、粒度、维度、来源、权限和生效期，同版本结果可重算（TEST-100）。","V2","US-050","_bmad-output/implementation-artifacts/fleet-office-epics-and-stories.md","NOT_IMPLEMENTED","TEST-100","Build or Acceptance Gate","Future JUnit/JSON/Playwright evidence","PLANNED_NOT_IMPLEMENTED","QA + Engineering"
"TEST-101","Given 准时率下降 When 用户请求根因分析 Then 下钻客户、线路、订单、车辆、司机、事件和维护，区分事实、相关性、推断与未知（TEST-101）。","V2","US-051","_bmad-output/implementation-artifacts/fleet-office-epics-and-stories.md","NOT_IMPLEMENTED","TEST-101","Build or Acceptance Gate","Future JUnit/JSON/Playwright evidence","PLANNED_NOT_IMPLEMENTED","QA + Engineering"
"TEST-102","Given 有足够历史和未来订单 When 运行预测 Then 按客户/区域/线路/日期显示区间、输入新鲜度、模型版本和人工调整（TEST-102）。","V2","US-052","_bmad-output/implementation-artifacts/fleet-office-epics-and-stories.md","NOT_IMPLEMENTED","TEST-102","Build or Acceptance Gate","Future JUnit/JSON/Playwright evidence","PLANNED_NOT_IMPLEMENTED","QA + Engineering"
"TEST-103","Given 收入、直接费用、异常和服务数据可用 When 计算盈利 Then 展示口径、已分摊/不可分摊项并可追溯订单和凭证（TEST-103）。","V2","US-053","_bmad-output/implementation-artifacts/fleet-office-epics-and-stories.md","NOT_IMPLEMENTED","TEST-103","Build or Acceptance Gate","Future JUnit/JSON/Playwright evidence","PLANNED_NOT_IMPLEMENTED","QA + Engineering"
"TEST-104","Given 日报时间到达 When Analyst Agent 生成简报 Then 包含目标偏差、变化、风险、证据和建议，导出执行字段级权限与脱敏（TEST-104）。","V2","US-054","_bmad-output/implementation-artifacts/fleet-office-epics-and-stories.md","NOT_IMPLEMENTED","TEST-104","Build or Acceptance Gate","Future JUnit/JSON/Playwright evidence","PLANNED_NOT_IMPLEMENTED","QA + Engineering"
"TEST-105","Given 根因分析给出改善建议 When 用户采纳或拒绝 Then 可转为场景、任务或 Playbook，保存理由、责任人、目标指标和实际结果（TEST-105）。","V2","US-055","_bmad-output/implementation-artifacts/fleet-office-epics-and-stories.md","NOT_IMPLEMENTED","TEST-105","Build or Acceptance Gate","Future JUnit/JSON/Playwright evidence","PLANNED_NOT_IMPLEMENTED","QA + Engineering"
"TEST-106","Given 多个 Agent/Playbook 在运行 When 打开成本看板 Then 按租户、组织、Agent、模型、工具和业务域显示调用、延迟、成本、失败、接管与结果指标（TEST-106）。","V2","US-056","_bmad-output/implementation-artifacts/fleet-office-epics-and-stories.md","NOT_IMPLEMENTED","TEST-106","Build or Acceptance Gate","Future JUnit/JSON/Playwright evidence","PLANNED_NOT_IMPLEMENTED","QA + Engineering"
"TEST-107","Given 预算接近或超过阈值 When 新运行请求到达 Then 按策略降级模型、限制并发或转人工，并记录影响（TEST-107）。","V2","US-056","_bmad-output/implementation-artifacts/fleet-office-epics-and-stories.md","NOT_IMPLEMENTED","TEST-107","Build or Acceptance Gate","Future JUnit/JSON/Playwright evidence","PLANNED_NOT_IMPLEMENTED","QA + Engineering"
"TEST-108","Given 使用外部模型、后台运行或远程 MCP When 管理员审计 Then 显示数据范围、保留、传输边界和租户策略匹配结果（TEST-108）。","V2","US-056","_bmad-output/implementation-artifacts/fleet-office-epics-and-stories.md","NOT_IMPLEMENTED","TEST-108","Build or Acceptance Gate","Future JUnit/JSON/Playwright evidence","PLANNED_NOT_IMPLEMENTED","QA + Engineering"
"TEST-109","Given 用户拥有一个或多个角色 When 登录或切换角色 Then 服务端返回对应首页、导航、字段、通知和 AI 模式，切换不扩大数据范围（TEST-109）。","V1-B","US-057","_bmad-output/implementation-artifacts/fleet-office-epics-and-stories.md","NOT_IMPLEMENTED","TEST-109","Build or Acceptance Gate","Future JUnit/JSON/Playwright evidence","PLANNED_NOT_IMPLEMENTED","QA + Engineering"
"TEST-110","Given 当前页面有未提交草稿 When 用户切换角色 Then 系统要求保存、放弃或取消，并清除新角色无权查看的字段（TEST-110）。","V1-B","US-057","_bmad-output/implementation-artifacts/fleet-office-epics-and-stories.md","NOT_IMPLEMENTED","TEST-110","Build or Acceptance Gate","Future JUnit/JSON/Playwright evidence","PLANNED_NOT_IMPLEMENTED","QA + Engineering"
"TEST-111","Given 用户存在限时代理 When 代理到期 Then 下一请求重新校验并撤回代理能力，审计保留起止和原因（TEST-111）。","V1-B","US-057","_bmad-output/implementation-artifacts/fleet-office-epics-and-stories.md","NOT_IMPLEMENTED","TEST-111","Build or Acceptance Gate","Future JUnit/JSON/Playwright evidence","PLANNED_NOT_IMPLEMENTED","QA + Engineering"
"TEST-112","Given 经营数据已按统一口径投影 When 老板打开首页 Then 显示目标、现金/毛利、客户集中度、资产利用、重大风险和改善结果，均带口径与截止时间（TEST-112）。","V1-B","US-058","_bmad-output/implementation-artifacts/fleet-office-epics-and-stories.md","NOT_IMPLEMENTED","TEST-112","Build or Acceptance Gate","Future JUnit/JSON/Playwright evidence","PLANNED_NOT_IMPLEMENTED","QA + Engineering"
"TEST-113","Given 用户下钻经营异常 When 到达组织、客户、线路和订单证据 Then 权限过滤保持有效，司机敏感字段默认脱敏（TEST-113）。","V1-B","US-058","_bmad-output/implementation-artifacts/fleet-office-epics-and-stories.md","NOT_IMPLEMENTED","TEST-113","Build or Acceptance Gate","Future JUnit/JSON/Playwright evidence","PLANNED_NOT_IMPLEMENTED","QA + Engineering"
"TEST-114","Given 用户确认建议 When 转为改善任务 Then 保存责任人、目标、截止与复盘指标，不能直接执行单笔派车（TEST-114）。","V1-B","US-058","_bmad-output/implementation-artifacts/fleet-office-epics-and-stories.md","NOT_IMPLEMENTED","TEST-114","Build or Acceptance Gate","Future JUnit/JSON/Playwright evidence","PLANNED_NOT_IMPLEMENTED","QA + Engineering"
"TEST-115","Given 班次花名册与人车事实可用 When 打开班次控制台 Then 并列显示出勤、资格/工时、车辆、维护、首个任务和遗留交接（TEST-115）。","V1-B","US-059","_bmad-output/implementation-artifacts/fleet-office-epics-and-stories.md","NOT_IMPLEMENTED","TEST-115","Build or Acceptance Gate","Future JUnit/JSON/Playwright evidence","PLANNED_NOT_IMPLEMENTED","QA + Engineering"
"TEST-116","Given 存在阻塞项 When 发布班次 Then 必须处理、接受风险或转交，所有覆盖理由可审计（TEST-116）。","V1-B","US-059","_bmad-output/implementation-artifacts/fleet-office-epics-and-stories.md","NOT_IMPLEMENTED","TEST-116","Build or Acceptance Gate","Future JUnit/JSON/Playwright evidence","PLANNED_NOT_IMPLEMENTED","QA + Engineering"
"TEST-117","Given 班次结束 When 仍有未解决工作 Then 系统要求发起 Handoff，不允许静默关闭班次（TEST-117）。","V1-B","US-059","_bmad-output/implementation-artifacts/fleet-office-epics-and-stories.md","NOT_IMPLEMENTED","TEST-117","Build or Acceptance Gate","Future JUnit/JSON/Playwright evidence","PLANNED_NOT_IMPLEMENTED","QA + Engineering"
"TEST-118","Given 订单存在字段、沟通、回单或结算阻塞 When 工作箱加载 Then 一行显示 SLA、责任、全部阻塞与下一动作并支持按原因批量处理（TEST-118）。","V1-B","US-060","_bmad-output/implementation-artifacts/fleet-office-epics-and-stories.md","NOT_IMPLEMENTED","TEST-118","Build or Acceptance Gate","Future JUnit/JSON/Playwright evidence","PLANNED_NOT_IMPLEMENTED","QA + Engineering"
"TEST-119","Given 订单拆单或合单 When 读模型重投影 Then 未解决项按不可变证据引用关联新运输段，不重复或丢失（TEST-119）。","V1-B","US-060","_bmad-output/implementation-artifacts/fleet-office-epics-and-stories.md","NOT_IMPLEMENTED","TEST-119","Build or Acceptance Gate","Future JUnit/JSON/Playwright evidence","PLANNED_NOT_IMPLEMENTED","QA + Engineering"
"TEST-120","Given 最后一项阻塞解除 When 结案条件满足 Then 自动解除结算前置阻塞并保留证据链（TEST-120）。","V1-B","US-060","_bmad-output/implementation-artifacts/fleet-office-epics-and-stories.md","NOT_IMPLEMENTED","TEST-120","Build or Acceptance Gate","Future JUnit/JSON/Playwright evidence","PLANNED_NOT_IMPLEMENTED","QA + Engineering"
"TEST-121","Given 调度打开班次波次 When 选择订单 Then 时间轴、地图证据和候选表同步显示时窗、路线、资格、工时、距离和新鲜度（TEST-121）。","V1-B","US-061","_bmad-output/implementation-artifacts/fleet-office-epics-and-stories.md","NOT_IMPLEMENTED","TEST-121","Build or Acceptance Gate","Future JUnit/JSON/Playwright evidence","PLANNED_NOT_IMPLEMENTED","QA + Engineering"
"TEST-122","Given 调度选中车辆/司机 When 创建短期锁 Then 其他调度看到所有者和倒计时，过期后资源自动释放（TEST-122）。","V1-B","US-061","_bmad-output/implementation-artifacts/fleet-office-epics-and-stories.md","NOT_IMPLEMENTED","TEST-122","Build or Acceptance Gate","Future JUnit/JSON/Playwright evidence","PLANNED_NOT_IMPLEMENTED","QA + Engineering"
"TEST-123","Given 计划版本已被他人更新 When 用户发布 Then 系统拒绝过期项并保留可恢复草稿，不覆盖当前派车（TEST-123）。","V1-B","US-061","_bmad-output/implementation-artifacts/fleet-office-epics-and-stories.md","NOT_IMPLEMENTED","TEST-123","Build or Acceptance Gate","Future JUnit/JSON/Playwright evidence","PLANNED_NOT_IMPLEMENTED","QA + Engineering"
"TEST-124","Given 批量发布部分失败 When 用户重试 Then 只提交失败集合，成功项不回滚也不重复同步（TEST-124）。","V1-B","US-061","_bmad-output/implementation-artifacts/fleet-office-epics-and-stories.md","NOT_IMPLEMENTED","TEST-124","Build or Acceptance Gate","Future JUnit/JSON/Playwright evidence","PLANNED_NOT_IMPLEMENTED","QA + Engineering"
"TEST-125","Given 交出人提交对象、事实、遗留和待审批 When 接收人接受 Then 责任转移并记录双方班次与时间（TEST-125）。","V1-B","US-062","_bmad-output/implementation-artifacts/fleet-office-epics-and-stories.md","NOT_IMPLEMENTED","TEST-125","Build or Acceptance Gate","Future JUnit/JSON/Playwright evidence","PLANNED_NOT_IMPLEMENTED","QA + Engineering"
"TEST-126","Given 接收人退回 When 提交理由 Then 原责任保持且交出方和值班池收到工作（TEST-126）。","V1-B","US-062","_bmad-output/implementation-artifacts/fleet-office-epics-and-stories.md","NOT_IMPLEMENTED","TEST-126","Build or Acceptance Gate","Future JUnit/JSON/Playwright evidence","PLANNED_NOT_IMPLEMENTED","QA + Engineering"
"TEST-127","Given 接收/处理超时或批准人下班 When SLA/班次检查运行 Then 按策略升级并在执行前重新校验代理和批准资格（TEST-127）。","V1-B","US-062","_bmad-output/implementation-artifacts/fleet-office-epics-and-stories.md","NOT_IMPLEMENTED","TEST-127","Build or Acceptance Gate","Future JUnit/JSON/Playwright evidence","PLANNED_NOT_IMPLEMENTED","QA + Engineering"
"TEST-128","Given 司机有有效设备会话和派车任务 When 打开 Driver Companion Then 只显示当前/下一任务、站点、时窗、联系人和必要货物/安全要求（TEST-128）。","V1-B","US-063","_bmad-output/implementation-artifacts/fleet-office-epics-and-stories.md","NOT_IMPLEMENTED","TEST-128","Build or Acceptance Gate","Future JUnit/JSON/Playwright evidence","PLANNED_NOT_IMPLEMENTED","QA + Engineering"
"TEST-129","Given 司机接单、到场、离场或完成 When 提交动作 Then 记录任务版本、时间、设备和可用位置，并显示本地/服务端同步状态（TEST-129）。","V1-B","US-063","_bmad-output/implementation-artifacts/fleet-office-epics-and-stories.md","NOT_IMPLEMENTED","TEST-129","Build or Acceptance Gate","Future JUnit/JSON/Playwright evidence","PLANNED_NOT_IMPLEMENTED","QA + Engineering"
"TEST-130","Given 任务被取消、拒绝或无法到达 When 状态变化 Then 进入显式分支并通知运营，不伪装成完成（TEST-130）。","V1-B","US-063","_bmad-output/implementation-artifacts/fleet-office-epics-and-stories.md","NOT_IMPLEMENTED","TEST-130","Build or Acceptance Gate","Future JUnit/JSON/Playwright evidence","PLANNED_NOT_IMPLEMENTED","QA + Engineering"
"TEST-131","Given 发生延误、车辆、货物、安全或联系异常 When 司机上报 Then 选择类型、可选语音/照片和最小说明，记录任务、时间和设备会话（TEST-131）。","V1-B","US-064","_bmad-output/implementation-artifacts/fleet-office-epics-and-stories.md","NOT_IMPLEMENTED","TEST-131","Build or Acceptance Gate","Future JUnit/JSON/Playwright evidence","PLANNED_NOT_IMPLEMENTED","QA + Engineering"
"TEST-132","Given 运营发送任务消息 When 渠道处理 Then 区分接受、送达、已读和失败，失败按 SLA 升级而非显示已触达（TEST-132）。","V1-B","US-064","_bmad-output/implementation-artifacts/fleet-office-epics-and-stories.md","NOT_IMPLEMENTED","TEST-132","Build or Acceptance Gate","Future JUnit/JSON/Playwright evidence","PLANNED_NOT_IMPLEMENTED","QA + Engineering"
"TEST-133","Given 司机提交照片/签名回单 When 服务端校验 Then 检测重复、站点/时间冲突并关联订单证据，问题项进入专员工作箱（TEST-133）。","V1-B","US-064","_bmad-output/implementation-artifacts/fleet-office-epics-and-stories.md","NOT_IMPLEMENTED","TEST-133","Build or Acceptance Gate","Future JUnit/JSON/Playwright evidence","PLANNED_NOT_IMPLEMENTED","QA + Engineering"
"TEST-134","Given 网络不可用 When 司机提交允许动作 Then 本地加密保存命令并显示待同步数量，不误报服务端已接受（TEST-134）。","V1-B","US-065","_bmad-output/implementation-artifacts/fleet-office-epics-and-stories.md","NOT_IMPLEMENTED","TEST-134","Build or Acceptance Gate","Future JUnit/JSON/Playwright evidence","PLANNED_NOT_IMPLEMENTED","QA + Engineering"
"TEST-135","Given 网络恢复 When 批量补传 Then 按设备/本地命令幂等处理，重复重放不创建重复节点或凭证（TEST-135）。","V1-B","US-065","_bmad-output/implementation-artifacts/fleet-office-epics-and-stories.md","NOT_IMPLEMENTED","TEST-135","Build or Acceptance Gate","Future JUnit/JSON/Playwright evidence","PLANNED_NOT_IMPLEMENTED","QA + Engineering"
"TEST-136","Given 命令与新任务版本或 G7 事实冲突 When 对账 Then 并列保存来源、向司机显示结果并创建运营复核工作（TEST-136）。","V1-B","US-065","_bmad-output/implementation-artifacts/fleet-office-epics-and-stories.md","NOT_IMPLEMENTED","TEST-136","Build or Acceptance Gate","Future JUnit/JSON/Playwright evidence","PLANNED_NOT_IMPLEMENTED","QA + Engineering"
"TEST-137","Given 车辆处于运动状态 When Driver Companion 打开 Then 禁用文字、复杂表单、Agent 输入和非紧急弹窗，只保留导航、语音、安全确认与紧急上报（TEST-137）。","V1-B","US-066","_bmad-output/implementation-artifacts/fleet-office-epics-and-stories.md","NOT_IMPLEMENTED","TEST-137","Build or Acceptance Gate","Future JUnit/JSON/Playwright evidence","PLANNED_NOT_IMPLEMENTED","QA + Engineering"
"TEST-138","Given 无法可靠判断运动状态 When 策略要求保守模式 Then 维持安全模式并显示停车后继续入口（TEST-138）。","V1-B","US-066","_bmad-output/implementation-artifacts/fleet-office-epics-and-stories.md","NOT_IMPLEMENTED","TEST-138","Build or Acceptance Gate","Future JUnit/JSON/Playwright evidence","PLANNED_NOT_IMPLEMENTED","QA + Engineering"
"TEST-139","Given 车辆停止且满足解除条件 When 恢复普通模式 Then 返回之前未完成的异常/回单草稿且不自动提交（TEST-139）。","V1-B","US-066","_bmad-output/implementation-artifacts/fleet-office-epics-and-stories.md","NOT_IMPLEMENTED","TEST-139","Build or Acceptance Gate","Future JUnit/JSON/Playwright evidence","PLANNED_NOT_IMPLEMENTED","QA + Engineering"
"TEST-140","Given 六角色进入各自工作面 When AI 控件加载 Then 默认模式、上下文、输出 schema 和工具集合符合 RoleAIPolicy（TEST-140）。","V1-B","US-067","_bmad-output/implementation-artifacts/fleet-office-epics-and-stories.md","NOT_IMPLEMENTED","TEST-140","Build or Acceptance Gate","Future JUnit/JSON/Playwright evidence","PLANNED_NOT_IMPLEMENTED","QA + Engineering"
"TEST-141","Given 角色、班次、代理或对象范围任一不允许 When Agent 请求工具 Then 运行时求交后拒绝并审计，前端隐藏不作为控制（TEST-141）。","V1-B","US-067","_bmad-output/implementation-artifacts/fleet-office-epics-and-stories.md","NOT_IMPLEMENTED","TEST-141","Build or Acceptance Gate","Future JUnit/JSON/Playwright evidence","PLANNED_NOT_IMPLEMENTED","QA + Engineering"
"TEST-142","Given 司机请求任务外问题 When Copilot 响应 Then 只提供安全转人工或任务内引用，不泄露其他司机/客户/经营数据（TEST-142）。","V1-B","US-067","_bmad-output/implementation-artifacts/fleet-office-epics-and-stories.md","NOT_IMPLEMENTED","TEST-142","Build or Acceptance Gate","Future JUnit/JSON/Playwright evidence","PLANNED_NOT_IMPLEMENTED","QA + Engineering"
"TEST-143","Given 临时替班司机接管车辆 When 当前任务身份变化 Then 旧设备会话失去写权限，新司机轻量认证并记录责任切换（TEST-143）。","V1-B","US-068","_bmad-output/implementation-artifacts/fleet-office-epics-and-stories.md","NOT_IMPLEMENTED","TEST-143","Build or Acceptance Gate","Future JUnit/JSON/Playwright evidence","PLANNED_NOT_IMPLEMENTED","QA + Engineering"
"TEST-144","Given 设备丢失或员工离场 When 管理员撤销会话 Then 离线缓存不可继续解密/补传，服务端拒绝旧令牌（TEST-144）。","V1-B","US-068","_bmad-output/implementation-artifacts/fleet-office-epics-and-stories.md","NOT_IMPLEMENTED","TEST-144","Build or Acceptance Gate","Future JUnit/JSON/Playwright evidence","PLANNED_NOT_IMPLEMENTED","QA + Engineering"
"TEST-145","Given 锁屏或系统通知显示任务更新 When 内容包含敏感字段 Then 使用脱敏摘要，打开后再按会话权限加载详情（TEST-145）。","V1-B","US-068","_bmad-output/implementation-artifacts/fleet-office-epics-and-stories.md","NOT_IMPLEMENTED","TEST-145","Build or Acceptance Gate","Future JUnit/JSON/Playwright evidence","PLANNED_NOT_IMPLEMENTED","QA + Engineering"
"OQ-006","G7 正式租户的限流、签名轮换、事件保留期和媒体授权期限。","Foundation 0 / pre-production decision","open-decisions.md","_bmad-output/planning-artifacts/prds/prd-fleet-office-2026-08-20/prd.md","PROHIBITED_UNTIL_RESOLVED","Production answer and approval evidence required","Product + Design + Release","open-decisions.md","OPEN_BLOCKING","Named in open-decisions.md"
"OQ-007","客户是否允许将原始位置事实存入本地历史库，允许的粒度与留存期。","Foundation 0 / pre-production decision","open-decisions.md","_bmad-output/planning-artifacts/prds/prd-fleet-office-2026-08-20/prd.md","PROHIBITED_UNTIL_RESOLVED","Production answer and approval evidence required","Product + Design + Release","open-decisions.md","OPEN_BLOCKING","Named in open-decisions.md"
"OQ-008","组织与标签数据范围冲突时采用交集还是并集，需与首批客户权限模型确认。","Foundation 0 / pre-production decision","open-decisions.md","_bmad-output/planning-artifacts/prds/prd-fleet-office-2026-08-20/prd.md","PROHIBITED_UNTIL_RESOLVED","Production answer and approval evidence required","Product + Design + Release","open-decisions.md","OPEN_BLOCKING","Named in open-decisions.md"
"OQ-009","真实租户的模型部署、数据留存、敏感字段脱敏和 Agent 预算策略。","Foundation 0 / pre-production decision","open-decisions.md","_bmad-output/planning-artifacts/prds/prd-fleet-office-2026-08-20/prd.md","PROHIBITED_UNTIL_RESOLVED","Production answer and approval evidence required","Product + Design + Release","open-decisions.md","OPEN_BLOCKING","Named in open-decisions.md"
